BUYER_STATE,BUYER_COUNTY,YEAR,Total_Weight
AR,ARKANSAS,2006,4830.744669862519
AR,ARKANSAS,2007,5950.277374500037
AR,ARKANSAS,2008,6418.230307500041
AR,ARKANSAS,2009,6643.993312500056
AR,ARKANSAS,2010,7564.53349500011
AR,ARKANSAS,2011,7502.461642725093
AR,ARKANSAS,2012,8032.757680425098
AR,ASHLEY,2006,4179.869040224962
AR,ASHLEY,2007,4652.35717908753
AR,ASHLEY,2008,4664.5562550000195
AR,ASHLEY,2009,4993.190175450061
AR,ASHLEY,2010,5957.96666636261
AR,ASHLEY,2011,6347.385769537659
AR,ASHLEY,2012,6841.9243465876525
AR,BAXTER,2006,11600.248253175167
AR,BAXTER,2007,12178.22233751273
AR,BAXTER,2008,14161.622495962716
AR,BAXTER,2009,18478.308425400286
AR,BAXTER,2010,21053.49290250023
AR,BAXTER,2011,20721.72804067544
AR,BAXTER,2012,23637.01768998762
AR,BENTON,2006,45191.330190365996
AR,BENTON,2007,54435.50573954205
AR,BENTON,2008,62972.13955285502
AR,BENTON,2009,77613.25004066843
AR,BENTON,2010,94245.6232115687
AR,BENTON,2011,108174.00860723095
AR,BENTON,2012,119748.607938154
AR,BOONE,2006,10420.774393862743
AR,BOONE,2007,13447.000362087816
AR,BOONE,2008,14849.171287950288
AR,BOONE,2009,15248.721852037808
AR,BOONE,2010,17108.907038175363
AR,BOONE,2011,19835.827429537978
AR,BOONE,2012,22998.82554408772
AR,BRADLEY,2006,1376.1923109500021
AR,BRADLEY,2007,1687.7744820000037
AR,BRADLEY,2008,2122.8215085375045
AR,BRADLEY,2009,2269.0772327250047
AR,BRADLEY,2010,2451.8776275000023
AR,BRADLEY,2011,2946.035216362499
AR,BRADLEY,2012,3061.2569331749896
AR,CALHOUN,2006,1009.9854885000049
AR,CALHOUN,2007,1347.7570860000012
AR,CALHOUN,2008,1397.5794165000023
AR,CALHOUN,2009,1714.152675000002
AR,CALHOUN,2010,1818.1733250000013
AR,CALHOUN,2011,1746.1583250000008
AR,CALHOUN,2012,1668.3035325000033
AR,CARROLL,2006,8417.327154862676
AR,CARROLL,2007,12397.696260675317
AR,CARROLL,2008,14104.801619587832
AR,CARROLL,2009,17258.280023175328
AR,CARROLL,2010,19456.15214295032
AR,CARROLL,2011,19618.500817500375
AR,CARROLL,2012,21691.979707500257
AR,CHICOT,2006,3156.0734475000177
AR,CHICOT,2007,3440.6574135000205
AR,CHICOT,2008,3363.094138500024
AR,CHICOT,2009,3148.077675000024
AR,CHICOT,2010,5232.166837500018
AR,CHICOT,2011,5210.798186587533
AR,CHICOT,2012,5553.788210362537
AR,CLARK,2006,4483.531793400003
AR,CLARK,2007,5480.467787175075
AR,CLARK,2008,5643.958962000062
AR,CLARK,2009,6116.885482500099
AR,CLARK,2010,7566.572025675143
AR,CLARK,2011,8139.138172725195
AR,CLARK,2012,8657.24745000017
AR,CLAY,2006,2817.068248499986
AR,CLAY,2007,3270.798562537479
AR,CLAY,2008,4097.494162499987
AR,CLAY,2009,4189.334985000005
AR,CLAY,2010,4566.645600000009
AR,CLAY,2011,4622.044016362534
AR,CLAY,2012,4832.213386350044
AR,CLEBURNE,2006,6460.911982675084
AR,CLEBURNE,2007,7616.486629500165
AR,CLEBURNE,2008,7872.690032000179
AR,CLEBURNE,2009,8693.192685000206
AR,CLEBURNE,2010,10160.06454000031
AR,CLEBURNE,2011,9871.228305000308
AR,CLEBURNE,2012,10309.058685000242
AR,CLEVELAND,2006,129.93045000000004
AR,CLEVELAND,2007,131.6077200000001
AR,CLEVELAND,2008,79.24003136250005
AR,COLUMBIA,2006,3594.8183924999717
AR,COLUMBIA,2007,4177.137629999976
AR,COLUMBIA,2008,6296.535289500078
AR,COLUMBIA,2009,6573.910203862591
AR,COLUMBIA,2010,6688.623266362602
AR,COLUMBIA,2011,7090.497360450147
AR,COLUMBIA,2012,7573.364206350132
AR,CONWAY,2006,4909.318857000046
AR,CONWAY,2007,5151.844603500045
AR,CONWAY,2008,6049.360365225092
AR,CONWAY,2009,6948.549292500117
AR,CONWAY,2010,7937.501602500122
AR,CONWAY,2011,9121.402365000176
AR,CONWAY,2012,11492.319427500192
AR,CRAIGHEAD,2006,26364.407496314027
AR,CRAIGHEAD,2007,29092.352615039345
AR,CRAIGHEAD,2008,31193.073993451686
AR,CRAIGHEAD,2009,34885.628262039165
AR,CRAIGHEAD,2010,35433.610173864465
AR,CRAIGHEAD,2011,35418.63145545167
AR,CRAIGHEAD,2012,37960.6088874765
AR,CRAWFORD,2006,22073.50515522572
AR,CRAWFORD,2007,29202.516169450853
AR,CRAWFORD,2008,35109.80314050105
AR,CRAWFORD,2009,34436.97423386344
AR,CRAWFORD,2010,40525.10708636354
AR,CRAWFORD,2011,46820.83647772614
AR,CRAWFORD,2012,54815.511754538755
AR,CRITTENDEN,2006,11768.271940000253
AR,CRITTENDEN,2007,12895.494565725256
AR,CRITTENDEN,2008,12590.829418587786
AR,CRITTENDEN,2009,12238.767225000265
AR,CRITTENDEN,2010,13859.500207500283
AR,CRITTENDEN,2011,13009.883958862769
AR,CRITTENDEN,2012,12853.186425000267
AR,CROSS,2006,2744.1315479999876
AR,CROSS,2007,3699.3956399999706
AR,CROSS,2008,4266.405029999995
AR,CROSS,2009,3769.533712499992
AR,CROSS,2010,3810.6558674999937
AR,CROSS,2011,4631.474441362519
AR,CROSS,2012,4677.91072136253
AR,DALLAS,2006,1256.9566875000053
AR,DALLAS,2007,1361.1239025000025
AR,DALLAS,2008,1454.7098288625025
AR,DALLAS,2009,1729.637625000006
AR,DALLAS,2010,1801.2129000000045
AR,DALLAS,2011,2139.371531812502
AR,DALLAS,2012,2356.137093862503
AR,DESHA,2006,2114.821612724995
AR,DESHA,2007,2600.7732855374898
AR,DESHA,2008,2757.911711812485
AR,DESHA,2009,2822.1325354499936
AR,DESHA,2010,3612.3320929500014
AR,DESHA,2011,4027.8724088624967
AR,DESHA,2012,4665.624997950045
AR,DREW,2006,3000.9562202249863
AR,DREW,2007,3843.1402454999698
AR,DREW,2008,4285.491074999988
AR,DREW,2009,4717.390545225021
AR,DREW,2010,5099.16384408755
AR,DREW,2011,5700.3234006750945
AR,DREW,2012,6144.970174087603
AR,FAULKNER,2006,16638.279497225554
AR,FAULKNER,2007,19588.176367000775
AR,FAULKNER,2008,23535.454099538478
AR,FAULKNER,2009,29658.904616363827
AR,FAULKNER,2010,33865.678912501346
AR,FAULKNER,2011,36548.544855001455
AR,FAULKNER,2012,41960.36151000165
AR,FRANKLIN,2006,3864.9187995
AR,FRANKLIN,2007,5601.150532500031
AR,FRANKLIN,2008,7065.552637500048
AR,FRANKLIN,2009,8188.945608862565
AR,FRANKLIN,2010,9512.426527500116
AR,FRANKLIN,2011,10097.477737500138
AR,FRANKLIN,2012,11366.040855225121
AR,FULTON,2006,6831.7797368625625
AR,FULTON,2007,7726.778800987548
AR,FULTON,2008,9491.32380757508
AR,FULTON,2009,11440.638259987552
AR,FULTON,2010,9885.642409762566
AR,FULTON,2011,7217.820778162556
AR,FULTON,2012,7693.678280662556
AR,GARLAND,2006,32898.757170589306
AR,GARLAND,2007,37170.327087265054
AR,GARLAND,2008,39920.92666859004
AR,GARLAND,2009,43155.646665002656
AR,GARLAND,2010,47772.82652250263
AR,GARLAND,2011,55905.62567250211
AR,GARLAND,2012,62846.4641034009
AR,GRANT,2006,2758.4155049999995
AR,GRANT,2007,2975.02561949999
AR,GRANT,2008,3618.2725874999833
AR,GRANT,2009,4653.901387500011
AR,GRANT,2010,4824.039352500033
AR,GRANT,2011,6078.017928862542
AR,GRANT,2012,7124.711722500037
AR,GREENE,2006,15252.316253625226
AR,GREENE,2007,18102.89564347523
AR,GREENE,2008,20989.702431862785
AR,GREENE,2009,17360.488774312686
AR,GREENE,2010,18644.75276726279
AR,GREENE,2011,17821.27248022533
AR,GREENE,2012,18556.219230450068
AR,HEMPSTEAD,2006,4930.489632000003
AR,HEMPSTEAD,2007,5779.402227862544
AR,HEMPSTEAD,2008,6420.7006485000475
AR,HEMPSTEAD,2009,6230.397967500097
AR,HEMPSTEAD,2010,7095.3493575001785
AR,HEMPSTEAD,2011,7986.469252500211
AR,HEMPSTEAD,2012,9613.850257500224
AR,HOT SPRING,2006,4964.615820000049
AR,HOT SPRING,2007,5339.4513000000825
AR,HOT SPRING,2008,5935.180273500118
AR,HOT SPRING,2009,6871.006687500149
AR,HOT SPRING,2010,7517.102062500224
AR,HOT SPRING,2011,9238.197034087765
AR,HOT SPRING,2012,10413.032162025273
AR,HOWARD,2006,2971.0886594999834
AR,HOWARD,2007,3079.7641598624846
AR,HOWARD,2008,3525.497996999989
AR,HOWARD,2009,4110.465603862494
AR,HOWARD,2010,4483.284802500028
AR,HOWARD,2011,5003.2102650000625
AR,HOWARD,2012,5175.552997500085
AR,INDEPENDENCE,2006,11951.170671000167
AR,INDEPENDENCE,2007,13458.203715000165
AR,INDEPENDENCE,2008,12942.096859500243
AR,INDEPENDENCE,2009,14460.921506362696
AR,INDEPENDENCE,2010,17820.593692500246
AR,INDEPENDENCE,2011,18608.168235000117
AR,INDEPENDENCE,2012,19326.101632500173
AR,IZARD,2006,7108.670071500004
AR,IZARD,2007,10880.874889500037
AR,IZARD,2008,17832.162896999987
AR,IZARD,2009,25262.956912500013
AR,IZARD,2010,24535.8898125
AR,IZARD,2011,13779.869062500096
AR,IZARD,2012,15284.157975000031
AR,JACKSON,2006,2929.2974924999967
AR,JACKSON,2007,3660.1927748624935
AR,JACKSON,2008,4137.8482035000125
AR,JACKSON,2009,5305.187985000047
AR,JACKSON,2010,6644.701027500079
AR,JACKSON,2011,6236.619382500069
AR,JACKSON,2012,6193.29224250007
AR,JEFFERSON,2006,7354.630900262716
AR,JEFFERSON,2007,9163.669144900316
AR,JEFFERSON,2008,10160.3406018129
AR,JEFFERSON,2009,12378.49018908804
AR,JEFFERSON,2010,14443.738512713311
AR,JEFFERSON,2011,16685.38657065101
AR,JEFFERSON,2012,19604.724159901147
AR,JOHNSON,2006,5671.804527000064
AR,JOHNSON,2007,6818.713626000104
AR,JOHNSON,2008,7609.136587500171
AR,JOHNSON,2009,8393.157487500192
AR,JOHNSON,2010,8725.130497500211
AR,JOHNSON,2011,11059.251787500249
AR,JOHNSON,2012,12235.140157500216
AR,LAFAYETTE,2006,1350.377103862509
AR,LAFAYETTE,2007,1211.131365000008
AR,LAFAYETTE,2008,1366.0919685000108
AR,LAFAYETTE,2009,1573.5205500000075
AR,LAFAYETTE,2010,1192.6895475000033
AR,LAFAYETTE,2011,1398.0733350000014
AR,LAFAYETTE,2012,1803.9046875000047
AR,LAWRENCE,2006,4067.0583977249876
AR,LAWRENCE,2007,4712.637007587524
AR,LAWRENCE,2008,5245.982406900032
AR,LAWRENCE,2009,6163.767570900051
AR,LAWRENCE,2010,6460.590743400077
AR,LAWRENCE,2011,6815.698260675093
AR,LAWRENCE,2012,6769.492110675076
AR,LEE,2006,1278.4188375000006
AR,LEE,2007,1208.1719183999999
AR,LEE,2008,904.13985
AR,LEE,2009,963.3315788625017
AR,LEE,2010,1184.5318874999975
AR,LEE,2011,1415.9167499999978
AR,LEE,2012,1503.6254288625014
AR,LINCOLN,2006,705.152805225
AR,LINCOLN,2007,943.0442332250008
AR,LINCOLN,2008,898.3469890875026
AR,LINCOLN,2009,1077.0420906750026
AR,LINCOLN,2010,1361.935620225002
AR,LINCOLN,2011,1679.5286215875012
AR,LINCOLN,2012,1868.2463781749996
AR,LITTLE RIVER,2006,2871.03753386249
AR,LITTLE RIVER,2007,3393.893345449982
AR,LITTLE RIVER,2008,4347.315442499999
AR,LITTLE RIVER,2009,4216.161907725
AR,LITTLE RIVER,2010,4236.924912262502
AR,LITTLE RIVER,2011,4744.613633175031
AR,LITTLE RIVER,2012,5063.092245000034
AR,LOGAN,2006,5529.273558862522
AR,LOGAN,2007,7723.966350000061
AR,LOGAN,2008,9575.560644000065
AR,LOGAN,2009,12796.015950000085
AR,LOGAN,2010,11784.738416362603
AR,LOGAN,2011,12753.740212725183
AR,LOGAN,2012,14371.695067500159
AR,LONOKE,2006,11151.210760587914
AR,LONOKE,2007,14530.167790225523
AR,LONOKE,2008,18628.206636225816
AR,LONOKE,2009,23698.653682950724
AR,LONOKE,2010,29039.85385522612
AR,LONOKE,2011,28636.54375522595
AR,LONOKE,2012,33316.2116663632
AR,MADISON,2006,1919.606908362501
AR,MADISON,2007,2391.061658587497
AR,MADISON,2008,2937.521198174993
AR,MADISON,2009,3636.5405365874954
AR,MADISON,2010,4757.873937712522
AR,MADISON,2011,5779.43995248756
AR,MADISON,2012,7468.711917487571
AR,MARION,2006,3392.2274624999723
AR,MARION,2007,3797.699287499982
AR,MARION,2008,4159.370535862479
AR,MARION,2009,5243.495195437557
AR,MARION,2010,6915.895106812558
AR,MARION,2011,6671.246126587545
AR,MARION,2012,7241.600501812581
AR,MILLER,2006,8853.313997500112
AR,MILLER,2007,11412.934506362666
AR,MILLER,2008,14965.707497500187
AR,MILLER,2009,18600.628398862722
AR,MILLER,2010,19868.369565225355
AR,MILLER,2011,21730.554442500357
AR,MILLER,2012,24743.665201125124
AR,MISSISSIPPI,2006,9993.539868500255
AR,MISSISSIPPI,2007,11563.071624500266
AR,MISSISSIPPI,2008,12931.246291362711
AR,MISSISSIPPI,2009,13886.251657500257
AR,MISSISSIPPI,2010,14425.153185000292
AR,MISSISSIPPI,2011,14180.228467500285
AR,MISSISSIPPI,2012,15310.176153862854
AR,MONROE,2006,1245.0403305000054
AR,MONROE,2007,1323.3652163625063
AR,MONROE,2008,1565.7936375000047
AR,MONROE,2009,1583.0466750000057
AR,MONROE,2010,1653.915375000001
AR,MONROE,2011,1795.6384500000004
AR,MONROE,2012,2190.307297499998
AR,MONTGOMERY,2006,1130.6101500000027
AR,MONTGOMERY,2007,1423.1416725000045
AR,MONTGOMERY,2008,1487.7455175000023
AR,MONTGOMERY,2009,1506.2595300000028
AR,MONTGOMERY,2010,1626.829260000004
AR,MONTGOMERY,2011,2101.2243750000057
AR,MONTGOMERY,2012,2434.636076362511
AR,NEVADA,2006,866.4501600000013
AR,NEVADA,2007,1052.7194625000009
AR,NEVADA,2008,1431.844837500002
AR,NEVADA,2009,1775.4111900000032
AR,NEVADA,2010,2253.928564762502
AR,NEVADA,2011,2755.45777612501
AR,NEVADA,2012,2799.427800225007
AR,NEWTON,2006,493.372956674999
AR,NEWTON,2007,498.664058174999
AR,NEWTON,2008,547.9484029499989
AR,NEWTON,2009,762.3811356750008
AR,NEWTON,2010,1058.1251195250036
AR,NEWTON,2011,1131.5587886250028
AR,NEWTON,2012,1298.452777500005
AR,OUACHITA,2006,5598.353298762572
AR,OUACHITA,2007,6738.719678175083
AR,OUACHITA,2008,7851.070470900116
AR,OUACHITA,2009,9248.925717712722
AR,OUACHITA,2010,10911.83712135027
AR,OUACHITA,2011,12701.675676562876
AR,OUACHITA,2012,13589.178231787835
AR,PERRY,2006,1439.2919865000058
AR,PERRY,2007,1866.3568470000039
AR,PERRY,2008,2186.714737500005
AR,PERRY,2009,2842.772025000014
AR,PERRY,2010,3346.621792500015
AR,PERRY,2011,3502.7024250000145
AR,PERRY,2012,4420.1756775000185
AR,PHILLIPS,2006,6208.403251500074
AR,PHILLIPS,2007,7200.165645000101
AR,PHILLIPS,2008,8096.156887500118
AR,PHILLIPS,2009,7611.629021362613
AR,PHILLIPS,2010,10588.624807725146
AR,PHILLIPS,2011,9526.247723175122
AR,PHILLIPS,2012,9451.277088825143
AR,PIKE,2006,3883.8473179500184
AR,PIKE,2007,4418.413308862533
AR,PIKE,2008,4670.370851362538
AR,PIKE,2009,5309.95979636254
AR,PIKE,2010,5407.528657500057
AR,PIKE,2011,6147.727575000073
AR,PIKE,2012,7540.612245000083
AR,POINSETT,2006,7224.197673000109
AR,POINSETT,2007,7899.856635000138
AR,POINSETT,2008,8815.632506400238
AR,POINSETT,2009,9284.222497500255
AR,POINSETT,2010,10516.730838862792
AR,POINSETT,2011,10652.517487725308
AR,POINSETT,2012,10820.559056587765
AR,POLK,2006,8876.373780000125
AR,POLK,2007,8436.196610000108
AR,POLK,2008,9487.970827500176
AR,POLK,2009,8748.514995225143
AR,POLK,2010,10181.306970000156
AR,POLK,2011,12090.570180000246
AR,POLK,2012,11803.408894087741
AR,POPE,2006,14010.836043125319
AR,POPE,2007,15770.19249948784
AR,POPE,2008,18382.17326572543
AR,POPE,2009,20212.761514088048
AR,POPE,2010,22848.3872402255
AR,POPE,2011,24350.236128863024
AR,POPE,2012,27427.09893000056
AR,PRAIRIE,2006,792.2555625000015
AR,PRAIRIE,2007,913.2888600000013
AR,PRAIRIE,2008,1181.6604563625
AR,PRAIRIE,2009,2006.8538513624976
AR,PRAIRIE,2010,2446.981409999997
AR,PRAIRIE,2011,1875.330914999999
AR,PRAIRIE,2012,1700.681400000003
AR,PULASKI,2006,86556.42241396251
AR,PULASKI,2007,99916.87668745345
AR,PULASKI,2008,114687.98438796817
AR,PULASKI,2009,136487.69734944482
AR,PULASKI,2010,157355.6703311438
AR,PULASKI,2011,182064.03630159394
AR,PULASKI,2012,195280.81423340543
AR,RANDOLPH,2006,3166.5491496749996
AR,RANDOLPH,2007,3870.7901499749914
AR,RANDOLPH,2008,3837.6551113500004
AR,RANDOLPH,2009,3763.6734320250084
AR,RANDOLPH,2010,4047.9084656625164
AR,RANDOLPH,2011,4505.451260887546
AR,RANDOLPH,2012,4547.534862937532
AR,SAINT FRANCIS,2006,3476.672824999981
AR,SAINT FRANCIS,2007,3796.568815999992
AR,SAINT FRANCIS,2008,4124.910387999965
AR,SAINT FRANCIS,2009,4233.380257500013
AR,SAINT FRANCIS,2010,4772.584545000026
AR,SAINT FRANCIS,2011,5881.865505450051
AR,SAINT FRANCIS,2012,6182.437195650071
AR,SALINE,2006,24748.017666451196
AR,SALINE,2007,27710.70674378867
AR,SALINE,2008,32183.40949655155
AR,SALINE,2009,38287.014927901946
AR,SALINE,2010,39418.521496126756
AR,SALINE,2011,40625.27034817668
AR,SALINE,2012,47984.62395885123
AR,SCOTT,2006,5390.897121000035
AR,SCOTT,2007,6083.055262500039
AR,SCOTT,2008,6597.780450000028
AR,SCOTT,2009,7369.215000000035
AR,SCOTT,2010,8138.638125000081
AR,SCOTT,2011,6324.360937500085
AR,SCOTT,2012,7158.506287500084
AR,SEARCY,2006,1884.1118264999998
AR,SEARCY,2007,2220.0291452250003
AR,SEARCY,2008,1968.7663500000017
AR,SEARCY,2009,2123.1581250000036
AR,SEARCY,2010,2138.6761875000075
AR,SEARCY,2011,2340.7303800000054
AR,SEARCY,2012,2888.47440000001
AR,SEBASTIAN,2006,83682.8486089546
AR,SEBASTIAN,2007,113076.17223973261
AR,SEBASTIAN,2008,131507.18468700704
AR,SEBASTIAN,2009,135907.9926225065
AR,SEBASTIAN,2010,152516.1296250068
AR,SEBASTIAN,2011,168965.41927136897
AR,SEBASTIAN,2012,159659.25207818113
AR,SEVIER,2006,3672.8168213624695
AR,SEVIER,2007,4047.2845979999447
AR,SEVIER,2008,4274.669248499973
AR,SEVIER,2009,4650.146212500002
AR,SEVIER,2010,5494.231252500068
AR,SEVIER,2011,5404.935187500095
AR,SEVIER,2012,6509.482736362654
AR,SHARP,2006,8067.949295587609
AR,SHARP,2007,7973.241897000129
AR,SHARP,2008,6625.509352087602
AR,SHARP,2009,7307.404425000084
AR,SHARP,2010,8418.850537500175
AR,SHARP,2011,6883.708995000133
AR,SHARP,2012,8879.237943862674
AR,STONE,2006,4505.322606000004
AR,STONE,2007,4796.089939500004
AR,STONE,2008,4841.608354500019
AR,STONE,2009,5369.435550000036
AR,STONE,2010,6506.799825000086
AR,STONE,2011,6488.831996362565
AR,STONE,2012,6336.007181587561
AR,UNION,2006,12173.86880136271
AR,UNION,2007,14540.116803537749
AR,UNION,2008,15122.164624987778
AR,UNION,2009,16726.9220711254
AR,UNION,2010,16977.557490900504
AR,UNION,2011,16351.395069525472
AR,UNION,2012,16303.408751550398
AR,VAN BUREN,2006,3480.128996499993
AR,VAN BUREN,2007,4321.823881499989
AR,VAN BUREN,2008,4735.674258000007
AR,VAN BUREN,2009,5280.368812500009
AR,VAN BUREN,2010,5062.687950000035
AR,VAN BUREN,2011,5727.344640000058
AR,VAN BUREN,2012,6967.0500413625505
AR,WASHINGTON,2006,40802.680553227976
AR,WASHINGTON,2007,48310.54296097897
AR,WASHINGTON,2008,57202.993346429284
AR,WASHINGTON,2009,69055.84792065392
AR,WASHINGTON,2010,81867.46357976647
AR,WASHINGTON,2011,95076.78801270424
AR,WASHINGTON,2012,102403.84676884105
AR,WHITE,2006,13045.109623450391
AR,WHITE,2007,16474.39642090074
AR,WHITE,2008,19625.297187175973
AR,WHITE,2009,24348.915491813634
AR,WHITE,2010,31368.167014088733
AR,WHITE,2011,32502.04612136346
AR,WHITE,2012,34906.71931181339
AR,WOODRUFF,2006,1873.2402663625107
AR,WOODRUFF,2007,2048.22131545001
AR,WOODRUFF,2008,2566.88213817501
AR,WOODRUFF,2009,3190.1481550875083
AR,WOODRUFF,2010,3768.590516362516
AR,WOODRUFF,2011,4444.7972813625165
AR,WOODRUFF,2012,3813.277162500019
AR,YELL,2006,4893.647841000031
AR,YELL,2007,5111.395545000027
AR,YELL,2008,6531.334372500082
AR,YELL,2009,6812.178780000094
AR,YELL,2010,7183.18203000012
AR,YELL,2011,9002.583127500155
AR,YELL,2012,9605.105512500142
FL,ALACHUA,2006,82596.6186877293
FL,ALACHUA,2007,95259.6279767931
FL,ALACHUA,2008,114675.2219217685
FL,ALACHUA,2009,141281.0481854313
FL,ALACHUA,2010,150910.7858758919
FL,ALACHUA,2011,145750.68089929313
FL,ALACHUA,2012,127727.613021565
FL,BAKER,2006,11900.178637500152
FL,BAKER,2007,13793.788183225113
FL,BAKER,2008,15651.32215422517
FL,BAKER,2009,19165.96729500018
FL,BAKER,2010,29821.453215000125
FL,BAKER,2011,32777.553120000026
FL,BAKER,2012,21659.46165000021
FL,BAY,2006,61998.10247207856
FL,BAY,2007,61255.85799926616
FL,BAY,2008,65665.01292126594
FL,BAY,2009,68131.16719294015
FL,BAY,2010,73912.3022531658
FL,BAY,2011,73505.84484769049
FL,BAY,2012,73272.65335132717
FL,BRADFORD,2006,13424.830894900231
FL,BRADFORD,2007,15854.865475125225
FL,BRADFORD,2008,17501.063683500106
FL,BRADFORD,2009,21250.949666812667
FL,BRADFORD,2010,26551.078983862728
FL,BRADFORD,2011,21271.099192500278
FL,BRADFORD,2012,16872.471022500224
FL,BREVARD,2006,201186.1534030964
FL,BREVARD,2007,246505.6839382635
FL,BREVARD,2008,317947.5992638272
FL,BREVARD,2009,365366.2497193953
FL,BREVARD,2010,508840.97649451304
FL,BREVARD,2011,481720.1499038084
FL,BREVARD,2012,363107.37734239077
FL,BROWARD,2006,1222607.3896553789
FL,BROWARD,2007,1720337.481720641
FL,BROWARD,2008,2180537.4886382525
FL,BROWARD,2009,2584508.114014747
FL,BROWARD,2010,3026736.8445831947
FL,BROWARD,2011,1492503.4476547767
FL,BROWARD,2012,809178.9096921141
FL,CALHOUN,2006,1851.9058230000117
FL,CALHOUN,2007,2021.5322535000098
FL,CALHOUN,2008,2225.156550000013
FL,CALHOUN,2009,2580.2354700000137
FL,CALHOUN,2010,2722.4359650000147
FL,CALHOUN,2011,2810.688731362515
FL,CALHOUN,2012,2793.381480000016
FL,CHARLOTTE,2006,82123.59715794155
FL,CHARLOTTE,2007,103366.66686720558
FL,CHARLOTTE,2008,142308.39840053048
FL,CHARLOTTE,2009,191565.34862749267
FL,CHARLOTTE,2010,230654.24658953073
FL,CHARLOTTE,2011,207165.206288144
FL,CHARLOTTE,2012,120917.42719837994
FL,CITRUS,2006,49646.89102934089
FL,CITRUS,2007,58420.50957311638
FL,CITRUS,2008,71761.41768466689
FL,CITRUS,2009,81649.55125245466
FL,CITRUS,2010,111738.27332779265
FL,CITRUS,2011,148717.2534045444
FL,CITRUS,2012,101576.39330385461
FL,CLAY,2006,69327.28997720485
FL,CLAY,2007,85815.94069483093
FL,CLAY,2008,98532.92591602
FL,CLAY,2009,125011.3671661208
FL,CLAY,2010,144996.73572807058
FL,CLAY,2011,149491.52033715992
FL,CLAY,2012,134424.40624451957
FL,COLLIER,2006,107528.68073415474
FL,COLLIER,2007,129910.31275693116
FL,COLLIER,2008,147472.3473860064
FL,COLLIER,2009,202995.69626767907
FL,COLLIER,2010,237663.7797535899
FL,COLLIER,2011,198903.37525609313
FL,COLLIER,2012,141917.0842426926
FL,COLUMBIA,2006,27550.681708588032
FL,COLUMBIA,2007,30011.436168013053
FL,COLUMBIA,2008,37731.01713781312
FL,COLUMBIA,2009,40150.09677022534
FL,COLUMBIA,2010,54609.82727294974
FL,COLUMBIA,2011,50996.45302499963
FL,COLUMBIA,2012,49737.84482999941
FL,DE SOTO,2006,7179.580011500067
FL,DE SOTO,2007,7726.090771792575
FL,DE SOTO,2008,7953.604365000078
FL,DE SOTO,2009,9826.920240000087
FL,DE SOTO,2010,13087.621237500123
FL,DE SOTO,2011,18280.029405000176
FL,DE SOTO,2012,16695.973792500132
FL,DIXIE,2006,2952.7461250000056
FL,DIXIE,2007,3098.6997413625013
FL,DIXIE,2008,3247.38976500001
FL,DIXIE,2009,2874.669041362513
FL,DIXIE,2010,2657.110350000012
FL,DIXIE,2011,2559.3821700000085
FL,DIXIE,2012,3326.242594312511
FL,DUVAL,2006,293452.9754727002
FL,DUVAL,2007,344954.36544153484
FL,DUVAL,2008,408809.255086162
FL,DUVAL,2009,534398.118650884
FL,DUVAL,2010,765000.2969470624
FL,DUVAL,2011,659029.698137702
FL,DUVAL,2012,555328.0796860629
FL,ESCAMBIA,2006,96186.44732702237
FL,ESCAMBIA,2007,113832.92120254097
FL,ESCAMBIA,2008,116136.84399340067
FL,ESCAMBIA,2009,127790.39184473806
FL,ESCAMBIA,2010,156708.2074941154
FL,ESCAMBIA,2011,146310.74382428935
FL,ESCAMBIA,2012,129016.23428401133
FL,FLAGLER,2006,21015.01938367547
FL,FLAGLER,2007,24313.087587762962
FL,FLAGLER,2008,30727.47041245048
FL,FLAGLER,2009,45094.2061172634
FL,FLAGLER,2010,54742.9390545383
FL,FLAGLER,2011,58500.27469567639
FL,FLAGLER,2012,54252.2921795262
FL,FRANKLIN,2006,2174.577223000009
FL,FRANKLIN,2007,2099.0765175000056
FL,FRANKLIN,2008,2152.9779473625103
FL,FRANKLIN,2009,1955.3521200000089
FL,FRANKLIN,2010,2736.8763675000123
FL,FRANKLIN,2011,2695.184816362508
FL,FRANKLIN,2012,2741.9306925000096
FL,GADSDEN,2006,6021.017100225093
FL,GADSDEN,2007,7138.511467500114
FL,GADSDEN,2008,6724.820623500107
FL,GADSDEN,2009,7168.381856812628
FL,GADSDEN,2010,8384.369197500151
FL,GADSDEN,2011,10053.993885000134
FL,GADSDEN,2012,8671.229358862623
FL,GILCHRIST,2006,4032.605950000007
FL,GILCHRIST,2007,4195.956289500011
FL,GILCHRIST,2008,4955.8422
FL,GILCHRIST,2009,6117.87199136251
FL,GILCHRIST,2010,5760.958282725
FL,GILCHRIST,2011,5709.07000500002
FL,GILCHRIST,2012,5469.281212500022
FL,GLADES,2009,2627.311200000001
FL,GLADES,2010,6489.442050000003
FL,GLADES,2011,4646.4681000000055
FL,GLADES,2012,1898.2095000000022
FL,GULF,2006,3543.3416160000033
FL,GULF,2007,3813.9477660000057
FL,GULF,2008,3573.714215000012
FL,GULF,2009,3494.621707500005
FL,GULF,2010,4311.71625000002
FL,GULF,2011,3866.418202500016
FL,GULF,2012,4012.6529025000223
FL,HAMILTON,2006,1804.8995505000073
FL,HAMILTON,2007,2249.3530935000053
FL,HAMILTON,2008,3039.991791000008
FL,HAMILTON,2009,2305.1553525000054
FL,HAMILTON,2010,3470.6828288625106
FL,HAMILTON,2011,3033.594877500013
FL,HAMILTON,2012,2549.6674875000076
FL,HARDEE,2006,3682.5681049999953
FL,HARDEE,2007,3996.159572499998
FL,HARDEE,2008,4647.926044500018
FL,HARDEE,2009,7751.621392500056
FL,HARDEE,2010,8867.193390000095
FL,HARDEE,2011,9282.533205000105
FL,HARDEE,2012,7940.830061362598
FL,HENDRY,2006,16527.160282500317
FL,HENDRY,2007,19191.329012087892
FL,HENDRY,2008,20998.036911000414
FL,HENDRY,2009,22472.576881575413
FL,HENDRY,2010,27617.015310000446
FL,HENDRY,2011,26953.096248862927
FL,HENDRY,2012,19653.150187500432
FL,HERNANDO,2006,78727.92757445497
FL,HERNANDO,2007,111241.43089612249
FL,HERNANDO,2008,197158.77536772224
FL,HERNANDO,2009,245050.01594727513
FL,HERNANDO,2010,331289.8299954519
FL,HERNANDO,2011,239292.42987068725
FL,HERNANDO,2012,163153.66029019607
FL,HIGHLANDS,2006,22995.715222501018
FL,HIGHLANDS,2007,24466.187287941113
FL,HIGHLANDS,2008,28613.962263501002
FL,HIGHLANDS,2009,33721.28850067624
FL,HIGHLANDS,2010,45729.84357431389
FL,HIGHLANDS,2011,54161.62926453876
FL,HIGHLANDS,2012,41042.59796340114
FL,HILLSBOROUGH,2006,1027723.7849867414
FL,HILLSBOROUGH,2007,1189548.966784732
FL,HILLSBOROUGH,2008,1507903.6186250553
FL,HILLSBOROUGH,2009,2124149.0308500133
FL,HILLSBOROUGH,2010,2801560.6110086474
FL,HILLSBOROUGH,2011,1533314.54995062
FL,HILLSBOROUGH,2012,855609.6664839308
FL,HOLMES,2006,5115.280070000033
FL,HOLMES,2007,5388.6306392250335
FL,HOLMES,2008,5350.438789587534
FL,HOLMES,2009,5461.291740450045
FL,HOLMES,2010,5004.425704087547
FL,HOLMES,2011,5188.443866362564
FL,HOLMES,2012,5462.597160000079
FL,INDIAN RIVER,2006,43237.35108176451
FL,INDIAN RIVER,2007,51702.13878888993
FL,INDIAN RIVER,2008,64186.80297262764
FL,INDIAN RIVER,2009,79226.07711930283
FL,INDIAN RIVER,2010,111822.90470929068
FL,INDIAN RIVER,2011,141158.72960861557
FL,INDIAN RIVER,2012,98923.32428561535
FL,JACKSON,2006,9866.87533750018
FL,JACKSON,2007,11355.73454750023
FL,JACKSON,2008,12130.103321500199
FL,JACKSON,2009,13341.586837500203
FL,JACKSON,2010,14859.5648250002
FL,JACKSON,2011,16484.638485000258
FL,JACKSON,2012,17427.980370000343
FL,JEFFERSON,2006,1465.4849204999978
FL,JEFFERSON,2007,1732.0343369999987
FL,JEFFERSON,2008,2123.4259035000014
FL,JEFFERSON,2009,2413.278483862504
FL,JEFFERSON,2010,2637.125017499998
FL,JEFFERSON,2011,2823.4519350000014
FL,JEFFERSON,2012,2213.915520000002
FL,LAFAYETTE,2006,1215.7013750000024
FL,LAFAYETTE,2007,1355.7724875000035
FL,LAFAYETTE,2008,1361.0927500000043
FL,LAFAYETTE,2009,1257.6621750000022
FL,LAFAYETTE,2010,1363.4092875000038
FL,LAFAYETTE,2011,1307.1051675000037
FL,LAFAYETTE,2012,1295.000272500003
FL,LAKE,2006,64563.419322430826
FL,LAKE,2007,82180.0273315835
FL,LAKE,2008,103711.04927071046
FL,LAKE,2009,140752.4985708866
FL,LAKE,2010,177229.26266112374
FL,LAKE,2011,179071.4653870261
FL,LAKE,2012,156520.69777519707
FL,LEE,2006,309886.7067442962
FL,LEE,2007,295673.26356948045
FL,LEE,2008,340668.9295273179
FL,LEE,2009,439929.93098849984
FL,LEE,2010,680132.8328027857
FL,LEE,2011,587055.7268651474
FL,LEE,2012,272161.03570029355
FL,LEON,2006,43067.63904172785
FL,LEON,2007,47083.40082031617
FL,LEON,2008,51120.25009326629
FL,LEON,2009,55928.52241912887
FL,LEON,2010,56268.735998178905
FL,LEON,2011,58086.072975454146
FL,LEON,2012,61292.55911044085
FL,LEVY,2006,18659.653543000506
FL,LEVY,2007,22313.800503725663
FL,LEVY,2008,28379.512612900682
FL,LEVY,2009,33730.549890900475
FL,LEVY,2010,36649.65238590018
FL,LEVY,2011,36064.200581587655
FL,LEVY,2012,28221.14943180032
FL,LIBERTY,2006,628.4498325000004
FL,LIBERTY,2007,738.3230204999995
FL,LIBERTY,2008,771.9740625000013
FL,LIBERTY,2009,686.3627999999998
FL,LIBERTY,2010,1141.6443375000038
FL,LIBERTY,2011,821.8818000000018
FL,LIBERTY,2012,764.5792500000002
FL,MADISON,2006,2315.6333313624987
FL,MADISON,2007,2632.527374224996
FL,MADISON,2008,2793.8812853624886
FL,MADISON,2009,3389.4532243125
FL,MADISON,2010,4027.7635124999883
FL,MADISON,2011,4642.083652499993
FL,MADISON,2012,4504.777440000004
FL,MANATEE,2006,150205.64369562527
FL,MANATEE,2007,172443.21415870427
FL,MANATEE,2008,196741.84314976458
FL,MANATEE,2009,228282.8999302286
FL,MANATEE,2010,360934.6839088658
FL,MANATEE,2011,326820.0550758578
FL,MANATEE,2012,219299.73861376347
FL,MARION,2006,114208.97585439957
FL,MARION,2007,140167.10838947791
FL,MARION,2008,160020.95087337864
FL,MARION,2009,177998.09807908162
FL,MARION,2010,216686.24085170456
FL,MARION,2011,209503.19854884347
FL,MARION,2012,175709.7753719747
FL,MARTIN,2006,68573.12878736468
FL,MARTIN,2007,77097.86936731488
FL,MARTIN,2008,99157.7796427273
FL,MARTIN,2009,121781.2565109028
FL,MARTIN,2010,149894.56248134995
FL,MARTIN,2011,137044.59642521478
FL,MARTIN,2012,85087.5526195141
FL,MIAMI-DADE,2006,303039.7180859787
FL,MIAMI-DADE,2007,373495.88119888
FL,MIAMI-DADE,2008,519536.8065604283
FL,MIAMI-DADE,2009,801945.1460796333
FL,MIAMI-DADE,2010,1242761.2069210964
FL,MIAMI-DADE,2011,1070607.7594410407
FL,MIAMI-DADE,2012,503313.85781031137
FL,MONROE,2006,42203.180115727446
FL,MONROE,2007,46281.92468422733
FL,MONROE,2008,53446.0962143649
FL,MONROE,2009,71369.62996954055
FL,MONROE,2010,77309.9665754274
FL,MONROE,2011,71118.77676247715
FL,MONROE,2012,47813.94658245115
FL,NASSAU,2006,26318.179441313612
FL,NASSAU,2007,30364.848846726178
FL,NASSAU,2008,38339.252757001115
FL,NASSAU,2009,45514.90099500119
FL,NASSAU,2010,55038.31814681382
FL,NASSAU,2011,64563.827895676506
FL,NASSAU,2012,60370.36705567631
FL,OKALOOSA,2006,51768.87854175236
FL,OKALOOSA,2007,51948.68690433954
FL,OKALOOSA,2008,53881.856700314645
FL,OKALOOSA,2009,58085.78683608912
FL,OKALOOSA,2010,61460.166825451495
FL,OKALOOSA,2011,63730.0104006768
FL,OKALOOSA,2012,64457.98492338954
FL,OKEECHOBEE,2006,20628.537535312924
FL,OKEECHOBEE,2007,24923.11014090056
FL,OKEECHOBEE,2008,29189.02021492556
FL,OKEECHOBEE,2009,35903.96056931306
FL,OKEECHOBEE,2010,55324.33029045053
FL,OKEECHOBEE,2011,49274.62340681288
FL,OKEECHOBEE,2012,32380.212796350206
FL,ORANGE,2006,249616.1813477574
FL,ORANGE,2007,305170.6164433013
FL,ORANGE,2008,483055.08753783966
FL,ORANGE,2009,688873.4670695318
FL,ORANGE,2010,1118030.4767550745
FL,ORANGE,2011,879529.7461210428
FL,ORANGE,2012,536535.5904660167
FL,OSCEOLA,2006,50817.7219688153
FL,OSCEOLA,2007,64095.23232799104
FL,OSCEOLA,2008,93117.01540626754
FL,OSCEOLA,2009,225661.79262585755
FL,OSCEOLA,2010,289370.5034899938
FL,OSCEOLA,2011,188818.9885286297
FL,OSCEOLA,2012,126453.88542135335
FL,PALM BEACH,2006,645319.1794897038
FL,PALM BEACH,2007,924515.0144843023
FL,PALM BEACH,2008,1334354.3831698054
FL,PALM BEACH,2009,1813924.7727780056
FL,PALM BEACH,2010,1897698.5658714669
FL,PALM BEACH,2011,1063694.6929810361
FL,PALM BEACH,2012,625882.0926076007
FL,PASCO,2006,268426.05337068974
FL,PASCO,2007,356094.0088700386
FL,PASCO,2008,494709.0844496416
FL,PASCO,2009,561319.1654819302
FL,PASCO,2010,761605.8105571279
FL,PASCO,2011,678130.6519052933
FL,PASCO,2012,345632.1551612219
FL,PINELLAS,2006,607000.7514847196
FL,PINELLAS,2007,636336.2976673237
FL,PINELLAS,2008,933646.569568357
FL,PINELLAS,2009,1035506.5572692738
FL,PINELLAS,2010,1438059.3423173134
FL,PINELLAS,2011,1262519.967371778
FL,PINELLAS,2012,687164.8072970272
FL,POLK,2006,178941.7804374425
FL,POLK,2007,170075.5240327064
FL,POLK,2008,171113.17612787182
FL,POLK,2009,198919.97026206178
FL,POLK,2010,285711.95230705454
FL,POLK,2011,281211.84447592206
FL,POLK,2012,232197.59944457424
FL,PUTNAM,2006,38637.50297338853
FL,PUTNAM,2007,39640.180580013555
FL,PUTNAM,2008,45305.6510537635
FL,PUTNAM,2009,71246.09851038855
FL,PUTNAM,2010,97258.92064856419
FL,PUTNAM,2011,96933.59939287585
FL,PUTNAM,2012,58549.29352541298
FL,SAINT JOHNS,2006,43666.0835257272
FL,SAINT JOHNS,2007,49616.90935490194
FL,SAINT JOHNS,2008,56641.75821353928
FL,SAINT JOHNS,2009,75312.16558447838
FL,SAINT JOHNS,2010,113272.68569794175
FL,SAINT JOHNS,2011,92067.24857385356
FL,SAINT JOHNS,2012,72420.25782135202
FL,SAINT LUCIE,2006,95970.4534293669
FL,SAINT LUCIE,2007,112422.71420493034
FL,SAINT LUCIE,2008,139178.02248923187
FL,SAINT LUCIE,2009,166843.1393083942
FL,SAINT LUCIE,2010,212293.29962726802
FL,SAINT LUCIE,2011,273106.0612079329
FL,SAINT LUCIE,2012,143969.89979723035
FL,SANTA ROSA,2006,44111.67851095136
FL,SANTA ROSA,2007,51318.023231731866
FL,SANTA ROSA,2008,57690.950861713805
FL,SANTA ROSA,2009,67867.26888157676
FL,SANTA ROSA,2010,89435.96215725293
FL,SANTA ROSA,2011,90109.9158802153
FL,SANTA ROSA,2012,79863.11723385204
FL,SARASOTA,2006,186351.13329228776
FL,SARASOTA,2007,242670.3861623037
FL,SARASOTA,2008,324196.6680052038
FL,SARASOTA,2009,367976.2322097207
FL,SARASOTA,2010,426108.3153456161
FL,SARASOTA,2011,412731.76329699194
FL,SARASOTA,2012,266242.8890628439
FL,SEMINOLE,2006,134735.66849282285
FL,SEMINOLE,2007,185430.98862422438
FL,SEMINOLE,2008,256465.7715015744
FL,SEMINOLE,2009,320779.05599589634
FL,SEMINOLE,2010,491538.4489893029
FL,SEMINOLE,2011,521292.23653927376
FL,SEMINOLE,2012,186169.02560922125
FL,SUMTER,2006,12822.86720500025
FL,SUMTER,2007,16784.182853000446
FL,SUMTER,2008,21509.17227172555
FL,SUMTER,2009,30569.094904538237
FL,SUMTER,2010,58311.86179680132
FL,SUMTER,2011,54304.06510226349
FL,SUMTER,2012,45944.804344276126
FL,SUWANNEE,2006,9345.596314950142
FL,SUWANNEE,2007,11324.528017850196
FL,SUWANNEE,2008,12980.800460675146
FL,SUWANNEE,2009,12835.53590703761
FL,SUWANNEE,2010,13182.17120636261
FL,SUWANNEE,2011,14079.857971125128
FL,SUWANNEE,2012,13754.14157928763
FL,TAYLOR,2006,5544.284807500053
FL,TAYLOR,2007,6762.137541362609
FL,TAYLOR,2008,8597.878620000138
FL,TAYLOR,2009,11572.54885886278
FL,TAYLOR,2010,9613.77404636274
FL,TAYLOR,2011,10229.764905225185
FL,TAYLOR,2012,10201.239000000194
FL,UNION,2006,2453.7138810000033
FL,UNION,2007,2777.3403794000114
FL,UNION,2008,3458.164693350011
FL,UNION,2009,4037.616628387515
FL,UNION,2010,5090.0048481750155
FL,UNION,2011,3801.527356575017
FL,UNION,2012,3553.925989762516
FL,VOLUSIA,2006,166518.40532767298
FL,VOLUSIA,2007,195477.5530197753
FL,VOLUSIA,2008,275349.3369203822
FL,VOLUSIA,2009,370128.3798411163
FL,VOLUSIA,2010,481913.3875672456
FL,VOLUSIA,2011,396323.0280208701
FL,VOLUSIA,2012,265012.3541039926
FL,WAKULLA,2006,5464.2538940000395
FL,WAKULLA,2007,7575.903873500098
FL,WAKULLA,2008,8114.9219535001175
FL,WAKULLA,2009,8481.538980000116
FL,WAKULLA,2010,8909.32365386265
FL,WAKULLA,2011,9653.313382725166
FL,WAKULLA,2012,9747.85644772516
FL,WALTON,2006,22041.41405562554
FL,WALTON,2007,24799.00105896552
FL,WALTON,2008,24625.185682337924
FL,WALTON,2009,29237.20863746275
FL,WALTON,2010,36549.72888131253
FL,WALTON,2011,35063.18099358773
FL,WALTON,2012,32404.67842676286
FL,WASHINGTON,2006,7659.031901000099
FL,WASHINGTON,2007,9660.023178300129
FL,WASHINGTON,2008,11461.81200412512
FL,WASHINGTON,2009,13060.632694987646
FL,WASHINGTON,2010,14208.243114900131
FL,WASHINGTON,2011,13964.081089987638
FL,WASHINGTON,2012,15658.135787925181
GA,APPLING,2006,3996.84377899999
GA,APPLING,2007,4277.968323587509
GA,APPLING,2008,4747.700521000031
GA,APPLING,2009,5825.513103862545
GA,APPLING,2010,9448.791146362624
GA,APPLING,2011,10493.837565000113
GA,APPLING,2012,11679.555495000119
GA,ATKINSON,2006,1375.483686000003
GA,ATKINSON,2007,1788.9647190000037
GA,ATKINSON,2008,1976.8532100000107
GA,ATKINSON,2009,2005.6088625000123
GA,ATKINSON,2010,3106.023682500022
GA,ATKINSON,2011,2870.52858000002
GA,ATKINSON,2012,2978.720032500025
GA,BACON,2006,4586.778211000013
GA,BACON,2007,7998.442163000079
GA,BACON,2008,8383.939178362572
GA,BACON,2009,12906.855975000119
GA,BACON,2010,29123.61209250027
GA,BACON,2011,23285.3839875002
GA,BACON,2012,16248.752550000228
GA,BAKER,2006,9.6516
GA,BALDWIN,2006,11069.705010362784
GA,BALDWIN,2007,13630.32200385028
GA,BALDWIN,2008,15204.14030656284
GA,BALDWIN,2009,16125.309516112777
GA,BALDWIN,2010,18814.531522500263
GA,BALDWIN,2011,20120.86462803767
GA,BALDWIN,2012,22942.55441250017
GA,BANKS,2006,2454.1627150000063
GA,BANKS,2007,2930.535247500015
GA,BANKS,2008,4608.204394000012
GA,BANKS,2009,5330.374612500033
GA,BANKS,2010,7330.746787500052
GA,BANKS,2011,7995.982980000064
GA,BANKS,2012,6478.398802500073
GA,BARROW,2006,17712.133381862863
GA,BARROW,2007,22663.81792950048
GA,BARROW,2008,25216.601943863152
GA,BARROW,2009,28692.509040000554
GA,BARROW,2010,34411.368870000435
GA,BARROW,2011,34071.27007590038
GA,BARROW,2012,33610.9932197626
GA,BARTOW,2006,29031.607688626285
GA,BARTOW,2007,34525.260882213996
GA,BARTOW,2008,37849.969625951824
GA,BARTOW,2009,43976.56332000137
GA,BARTOW,2010,62633.33655112691
GA,BARTOW,2011,64528.19059931454
GA,BARTOW,2012,61299.91480158917
GA,BEN HILL,2006,2999.8909024999953
GA,BEN HILL,2007,3955.060956999988
GA,BEN HILL,2008,4798.918995000015
GA,BEN HILL,2009,5480.41327500004
GA,BEN HILL,2010,6330.250882500063
GA,BEN HILL,2011,7470.758760000064
GA,BEN HILL,2012,7793.140815000048
GA,BERRIEN,2006,3771.4821945000012
GA,BERRIEN,2007,3943.5540013625064
GA,BERRIEN,2008,4507.466022000033
GA,BERRIEN,2009,4766.2470300000205
GA,BERRIEN,2010,5580.185227500062
GA,BERRIEN,2011,5972.196750000062
GA,BERRIEN,2012,6733.548645000069
GA,BIBB,2006,82240.63574838031
GA,BIBB,2007,92993.40865725634
GA,BIBB,2008,105340.46747769494
GA,BIBB,2009,107141.84228468215
GA,BIBB,2010,126623.32412445729
GA,BIBB,2011,140103.9923418076
GA,BIBB,2012,138379.07482451946
GA,BLECKLEY,2006,4733.628898500014
GA,BLECKLEY,2007,5675.433510362529
GA,BLECKLEY,2008,6134.17283272503
GA,BLECKLEY,2009,6769.5664050000305
GA,BLECKLEY,2010,10430.572548862583
GA,BLECKLEY,2011,11652.82640250007
GA,BLECKLEY,2012,12193.794705000075
GA,BRANTLEY,2006,4096.568688000005
GA,BRANTLEY,2007,3927.2906160000102
GA,BRANTLEY,2008,5551.1047125000005
GA,BRANTLEY,2009,7329.8734500000255
GA,BRANTLEY,2010,10950.667312500054
GA,BRANTLEY,2011,7925.983837500036
GA,BRANTLEY,2012,5926.965225000029
GA,BROOKS,2006,3331.259877500016
GA,BROOKS,2007,4163.508432500008
GA,BROOKS,2008,4189.163850000004
GA,BROOKS,2009,7053.68527500003
GA,BROOKS,2010,8789.120917500031
GA,BROOKS,2011,15385.293952500064
GA,BROOKS,2012,17742.997312500058
GA,BRYAN,2006,9074.078661500105
GA,BRYAN,2007,9806.650470000075
GA,BRYAN,2008,9636.87642000007
GA,BRYAN,2009,11675.065245000118
GA,BRYAN,2010,16444.008587472174
GA,BRYAN,2011,16565.860604662677
GA,BRYAN,2012,18906.19195203771
GA,BULLOCH,2006,9142.968817500321
GA,BULLOCH,2007,11395.139447587986
GA,BULLOCH,2008,13594.546502038034
GA,BULLOCH,2009,14044.985134762966
GA,BULLOCH,2010,19510.56855521326
GA,BULLOCH,2011,19002.41265112572
GA,BULLOCH,2012,19664.277140212947
GA,BURKE,2006,2119.854585
GA,BURKE,2007,2717.980830000002
GA,BURKE,2008,3068.966497499993
GA,BURKE,2009,3431.009343862496
GA,BURKE,2010,4571.417625000001
GA,BURKE,2011,5194.469302500049
GA,BURKE,2012,5442.739005000047
GA,BUTTS,2006,10585.245868500026
GA,BUTTS,2007,10718.171231862534
GA,BUTTS,2008,11565.703656000049
GA,BUTTS,2009,6914.633178862515
GA,BUTTS,2010,10456.509360225067
GA,BUTTS,2011,13580.896286362557
GA,BUTTS,2012,16646.49428636256
GA,CALHOUN,2006,335.7911159999996
GA,CALHOUN,2007,316.42664636249924
GA,CALHOUN,2008,365.5374583499991
GA,CALHOUN,2009,432.0976379249989
GA,CALHOUN,2010,581.7323129249983
GA,CALHOUN,2011,772.525273387501
GA,CALHOUN,2012,821.6586497250004
GA,CAMDEN,2006,23295.820186313096
GA,CAMDEN,2007,27123.027022725535
GA,CAMDEN,2008,21628.25648795028
GA,CAMDEN,2009,17097.063846450306
GA,CAMDEN,2010,22683.134920050306
GA,CAMDEN,2011,22363.2426431627
GA,CAMDEN,2012,23490.73621500028
GA,CANDLER,2006,2381.0317080000023
GA,CANDLER,2007,2504.3532885000013
GA,CANDLER,2008,2798.772450000008
GA,CANDLER,2009,3462.3951375000074
GA,CANDLER,2010,4366.946827500025
GA,CANDLER,2011,4342.661880000024
GA,CANDLER,2012,5326.837830000026
GA,CARROLL,2006,52836.822322765045
GA,CARROLL,2007,57215.12140897812
GA,CARROLL,2008,59909.25010735239
GA,CARROLL,2009,68784.2005690903
GA,CARROLL,2010,72584.76198795218
GA,CARROLL,2011,76282.27665045248
GA,CARROLL,2012,76353.8759736027
GA,CATOOSA,2006,18045.529858862923
GA,CATOOSA,2007,22704.15437086301
GA,CATOOSA,2008,26866.476354813123
GA,CATOOSA,2009,31446.791467500556
GA,CATOOSA,2010,41293.30390500078
GA,CATOOSA,2011,40756.06931250066
GA,CATOOSA,2012,47386.00666886301
GA,CHARLTON,2006,1999.9552528500035
GA,CHARLTON,2007,1929.4338459750038
GA,CHARLTON,2008,1923.450907237505
GA,CHARLTON,2009,2423.367526125008
GA,CHARLTON,2010,5409.898725000021
GA,CHARLTON,2011,5204.097208162518
GA,CHARLTON,2012,4904.913983625027
GA,CHATHAM,2006,51483.071977417494
GA,CHATHAM,2007,56542.0829022062
GA,CHATHAM,2008,62655.34160170749
GA,CHATHAM,2009,69361.08520440685
GA,CHATHAM,2010,82625.22404693239
GA,CHATHAM,2011,97307.15380838318
GA,CHATHAM,2012,101158.89221929513
GA,CHATTOOGA,2006,7965.2576811750905
GA,CHATTOOGA,2007,9709.294792725117
GA,CHATTOOGA,2008,10390.218547587636
GA,CHATTOOGA,2009,11867.564648175148
GA,CHATTOOGA,2010,12922.901872500188
GA,CHATTOOGA,2011,14430.830403862721
GA,CHATTOOGA,2012,15202.95944250016
GA,CHEROKEE,2006,39825.91397831749
GA,CHEROKEE,2007,49550.765672791094
GA,CHEROKEE,2008,57124.91603970347
GA,CHEROKEE,2009,65421.97528766573
GA,CHEROKEE,2010,80622.0173423661
GA,CHEROKEE,2011,95668.65788426696
GA,CHEROKEE,2012,76777.39892719086
GA,CLARKE,2006,39075.025614976745
GA,CLARKE,2007,49638.03649982712
GA,CLARKE,2008,56575.81451618917
GA,CLARKE,2009,60856.67072223897
GA,CLARKE,2010,66387.48365321402
GA,CLARKE,2011,80334.71237838936
GA,CLARKE,2012,82501.60596225194
GA,CLAY,2006,734.4744375000004
GA,CLAY,2007,682.1294174999995
GA,CLAY,2008,753.0275775000007
GA,CLAY,2009,770.464950000001
GA,CLAY,2010,1106.912100000002
GA,CLAY,2011,796.304287500001
GA,CLAY,2012,560.308574999999
GA,CLAYTON,2006,32395.982910177285
GA,CLAYTON,2007,37904.79641716491
GA,CLAYTON,2008,47524.09622956577
GA,CLAYTON,2009,52830.613863528044
GA,CLAYTON,2010,68738.2213797404
GA,CLAYTON,2011,72903.96607905248
GA,CLAYTON,2012,56627.53866656484
GA,CLINCH,2006,2043.4760010000005
GA,CLINCH,2007,2768.7196459999964
GA,CLINCH,2008,3073.6119338625012
GA,CLINCH,2009,3223.577324999999
GA,CLINCH,2010,4095.2140275000042
GA,CLINCH,2011,4602.099210000008
GA,CLINCH,2012,4592.822006362528
GA,COBB,2006,142265.12136495294
GA,COBB,2007,159854.9054414673
GA,COBB,2008,178359.76641771724
GA,COBB,2009,205475.85163243284
GA,COBB,2010,238516.3356989779
GA,COBB,2011,272506.4223407068
GA,COBB,2012,238414.92378402804
GA,COFFEE,2006,18291.431137450487
GA,COFFEE,2007,17141.38422222541
GA,COFFEE,2008,19587.647500000563
GA,COFFEE,2009,22430.233192500677
GA,COFFEE,2010,47033.43613886341
GA,COFFEE,2011,52412.25936044985
GA,COFFEE,2012,34072.83708386282
GA,COLQUITT,2006,4909.541860537508
GA,COLQUITT,2007,6668.091213075096
GA,COLQUITT,2008,8022.176891625174
GA,COLQUITT,2009,8194.647671587645
GA,COLQUITT,2010,10448.77141522516
GA,COLQUITT,2011,10441.363320000315
GA,COLQUITT,2012,11538.465547725365
GA,COLUMBIA,2006,23295.355943226237
GA,COLUMBIA,2007,27718.176415001508
GA,COLUMBIA,2008,30271.48833867659
GA,COLUMBIA,2009,35478.48179726406
GA,COLUMBIA,2010,39528.706639089105
GA,COLUMBIA,2011,49442.60688622693
GA,COLUMBIA,2012,49549.19645268958
GA,COOK,2006,2461.3225015000107
GA,COOK,2007,2650.2052025000094
GA,COOK,2008,3705.47778750001
GA,COOK,2009,3966.721350000011
GA,COOK,2010,5658.713347500045
GA,COOK,2011,6299.567865000059
GA,COOK,2012,5873.076720000079
GA,COWETA,2006,21746.70000150095
GA,COWETA,2007,25365.947048213577
GA,COWETA,2008,29889.180738039155
GA,COWETA,2009,35730.16901726401
GA,COWETA,2010,40254.84671295154
GA,COWETA,2011,60963.186949539944
GA,COWETA,2012,45984.58127748976
GA,CRAWFORD,2006,846.4846875000009
GA,CRAWFORD,2007,1065.1390800000008
GA,CRAWFORD,2008,1191.9975
GA,CRAWFORD,2009,1173.422977499999
GA,CRAWFORD,2010,1934.717362499999
GA,CRAWFORD,2011,1994.031525000001
GA,CRAWFORD,2012,2306.1873375000023
GA,CRISP,2006,4993.022424000011
GA,CRISP,2007,5549.329415862529
GA,CRISP,2008,5917.923433725057
GA,CRISP,2009,6552.435476587557
GA,CRISP,2010,7973.974327500104
GA,CRISP,2011,8737.890101362638
GA,CRISP,2012,9762.02629158762
GA,DADE,2006,4147.432028500005
GA,DADE,2007,5373.264505500034
GA,DADE,2008,6268.744413000058
GA,DADE,2009,7035.614857500088
GA,DADE,2010,8279.691082500141
GA,DADE,2011,7805.248803862656
GA,DADE,2012,7835.832375000109
GA,DAWSON,2006,9113.889742000112
GA,DAWSON,2007,9980.61126872512
GA,DAWSON,2008,11166.249527200123
GA,DAWSON,2009,12036.02337566261
GA,DAWSON,2010,12458.427952950184
GA,DAWSON,2011,12535.306541362632
GA,DAWSON,2012,12577.916073862645
GA,DECATUR,2006,5450.182190000013
GA,DECATUR,2007,6498.085115862552
GA,DECATUR,2008,7571.150938000053
GA,DECATUR,2009,8857.225613062594
GA,DECATUR,2010,8152.208544075114
GA,DECATUR,2011,9223.083470437643
GA,DECATUR,2012,10005.864181350194
GA,DEKALB,2006,64811.00748271758
GA,DEKALB,2007,74390.33026976958
GA,DEKALB,2008,85291.17013793482
GA,DEKALB,2009,95525.64122116058
GA,DEKALB,2010,114484.1949200722
GA,DEKALB,2011,132659.16322036108
GA,DEKALB,2012,129316.71358917406
GA,DODGE,2006,7700.9209577250995
GA,DODGE,2007,9479.082675087642
GA,DODGE,2008,10191.843832500139
GA,DODGE,2009,10153.350862500169
GA,DODGE,2010,10397.302245000195
GA,DODGE,2011,12740.18339636276
GA,DODGE,2012,13449.868507500265
GA,DOOLY,2006,693.1512270000001
GA,DOOLY,2007,574.8396194999992
GA,DOOLY,2008,625.0068674999992
GA,DOOLY,2009,518.131627499999
GA,DOOLY,2010,929.4952499999982
GA,DOOLY,2011,831.6315375000007
GA,DOOLY,2012,857.1861900000004
GA,DOUGHERTY,2006,15793.53014272573
GA,DOUGHERTY,2007,16069.919257850817
GA,DOUGHERTY,2008,18057.377613226086
GA,DOUGHERTY,2009,21433.515003826153
GA,DOUGHERTY,2010,25066.426170226394
GA,DOUGHERTY,2011,29021.617369314215
GA,DOUGHERTY,2012,31634.676638401528
GA,DOUGLAS,2006,35668.308372452666
GA,DOUGLAS,2007,42462.256013165315
GA,DOUGLAS,2008,51642.592885578255
GA,DOUGLAS,2009,65538.3401595405
GA,DOUGLAS,2010,80407.64114771468
GA,DOUGLAS,2011,98187.61233817798
GA,DOUGLAS,2012,69229.24595996557
GA,EARLY,2006,977.2840125000008
GA,EARLY,2007,1406.1398797250033
GA,EARLY,2008,1673.130492037501
GA,EARLY,2009,1689.551824087504
GA,EARLY,2010,1640.9943638625057
GA,EARLY,2011,1748.2559252250062
GA,EARLY,2012,1941.342937500009
GA,EFFINGHAM,2006,6862.471809225094
GA,EFFINGHAM,2007,8631.064976862695
GA,EFFINGHAM,2008,9306.235675500271
GA,EFFINGHAM,2009,10839.99955500032
GA,EFFINGHAM,2010,10935.415777725299
GA,EFFINGHAM,2011,12708.306435000377
GA,EFFINGHAM,2012,13752.690067500454
GA,ELBERT,2006,7556.672482000104
GA,ELBERT,2007,8698.89754750015
GA,ELBERT,2008,10830.832278500155
GA,ELBERT,2009,10518.180120000172
GA,ELBERT,2010,11271.80321250017
GA,ELBERT,2011,11048.981962500184
GA,ELBERT,2012,11702.900055900183
GA,EMANUEL,2006,8887.736872500149
GA,EMANUEL,2007,9642.899081000165
GA,EMANUEL,2008,11300.10041250021
GA,EMANUEL,2009,8834.366538862618
GA,EMANUEL,2010,12312.732892500222
GA,EMANUEL,2011,13627.770285225231
GA,EMANUEL,2012,13752.474684300216
GA,EVANS,2006,4318.8979409999965
GA,EVANS,2007,5490.0123350000395
GA,EVANS,2008,6166.583377500042
GA,EVANS,2009,5969.130540000044
GA,EVANS,2010,7041.55453500007
GA,EVANS,2011,8073.227715000067
GA,EVANS,2012,7630.125585000051
GA,FANNIN,2006,8589.841474000124
GA,FANNIN,2007,11839.507150500265
GA,FANNIN,2008,13813.790705000312
GA,FANNIN,2009,18341.772638175287
GA,FANNIN,2010,23418.773801362615
GA,FANNIN,2011,18193.81317067534
GA,FANNIN,2012,17950.255902037665
GA,FAYETTE,2006,22585.72325571216
GA,FAYETTE,2007,24898.48220084097
GA,FAYETTE,2008,26421.209483429197
GA,FAYETTE,2009,29384.10873491411
GA,FAYETTE,2010,30660.98262465156
GA,FAYETTE,2011,35016.72134272681
GA,FAYETTE,2012,35786.03886408921
GA,FLOYD,2006,43319.736009952765
GA,FLOYD,2007,50949.98231057869
GA,FLOYD,2008,55643.38887590427
GA,FLOYD,2009,60090.13323409129
GA,FLOYD,2010,64480.0320938662
GA,FLOYD,2011,73599.50484045474
GA,FLOYD,2012,73445.99456497988
GA,FORSYTH,2006,23957.384936725713
GA,FORSYTH,2007,30946.089410450993
GA,FORSYTH,2008,35995.2040982263
GA,FORSYTH,2009,49880.47563795142
GA,FORSYTH,2010,57494.16120795157
GA,FORSYTH,2011,60955.79370045144
GA,FORSYTH,2012,60962.110924314096
GA,FRANKLIN,2006,13745.249143862566
GA,FRANKLIN,2007,16023.043025000128
GA,FRANKLIN,2008,17553.755937500006
GA,FRANKLIN,2009,19573.507649999963
GA,FRANKLIN,2010,23194.638877499965
GA,FRANKLIN,2011,26354.97107294989
GA,FRANKLIN,2012,26069.729107724932
GA,FULTON,2006,124059.83383148852
GA,FULTON,2007,143243.1710992921
GA,FULTON,2008,157442.01897473092
GA,FULTON,2009,193804.97527591765
GA,FULTON,2010,249173.47378655005
GA,FULTON,2011,266960.88088985434
GA,FULTON,2012,228820.27510696382
GA,GILMER,2006,10316.900070725154
GA,GILMER,2007,12522.306741450226
GA,GILMER,2008,15726.205813850343
GA,GILMER,2009,17856.14978021276
GA,GILMER,2010,20281.198459987798
GA,GILMER,2011,20971.320466350266
GA,GILMER,2012,19647.835808400287
GA,GLASCOCK,2006,0.3027
GA,GLASCOCK,2007,1.2108
GA,GLASCOCK,2008,1.2108
GA,GLYNN,2006,23975.292711000784
GA,GLYNN,2007,29939.806739363557
GA,GLYNN,2008,30444.509966451198
GA,GLYNN,2009,37155.58612608826
GA,GLYNN,2010,54681.308171288365
GA,GLYNN,2011,49924.365217725695
GA,GLYNN,2012,35013.24119340055
GA,GORDON,2006,13377.658454000277
GA,GORDON,2007,16484.991748500208
GA,GORDON,2008,18083.266567500406
GA,GORDON,2009,19382.198032500415
GA,GORDON,2010,27144.79042500059
GA,GORDON,2011,25952.494372500652
GA,GORDON,2012,24075.749022038046
GA,GRADY,2006,2266.556958500009
GA,GRADY,2007,2793.3159120000005
GA,GRADY,2008,2959.7584709999974
GA,GRADY,2009,3091.5672825000074
GA,GRADY,2010,4079.5264088625045
GA,GRADY,2011,5123.661510225049
GA,GRADY,2012,6388.069935225103
GA,GREENE,2006,3760.1734017249946
GA,GREENE,2007,4626.894739500004
GA,GREENE,2008,5677.711566862526
GA,GREENE,2009,6041.123430225033
GA,GREENE,2010,6979.728723862537
GA,GREENE,2011,8809.313700675077
GA,GREENE,2012,9380.242279537593
GA,GWINNETT,2006,105160.13310983083
GA,GWINNETT,2007,120667.08058314174
GA,GWINNETT,2008,132376.90603786905
GA,GWINNETT,2009,146513.83717317978
GA,GWINNETT,2010,180745.40740659172
GA,GWINNETT,2011,211691.5332206841
GA,GWINNETT,2012,205313.57711225477
GA,HABERSHAM,2006,11947.394466450307
GA,HABERSHAM,2007,14530.06021336287
GA,HABERSHAM,2008,17505.962451225478
GA,HABERSHAM,2009,21287.09015317541
GA,HABERSHAM,2010,21222.635677500395
GA,HABERSHAM,2011,21943.693920000456
GA,HABERSHAM,2012,20488.71002081288
GA,HALL,2006,37456.76444180125
GA,HALL,2007,45313.39209037717
GA,HALL,2008,52573.06447088952
GA,HALL,2009,63283.70384340152
GA,HALL,2010,80698.41317704033
GA,HALL,2011,79414.02467362727
GA,HALL,2012,76006.89618566471
GA,HANCOCK,2006,581.501146999999
GA,HANCOCK,2007,576.7288499999997
GA,HANCOCK,2008,657.8400734999998
GA,HANCOCK,2009,595.8315000000001
GA,HANCOCK,2010,1047.7002750000006
GA,HANCOCK,2011,844.3413375000005
GA,HANCOCK,2012,924.1319550000024
GA,HARALSON,2006,25999.723028450404
GA,HARALSON,2007,29705.630229662962
GA,HARALSON,2008,28948.446513787865
GA,HARALSON,2009,32680.22076543788
GA,HARALSON,2010,35773.42065180055
GA,HARALSON,2011,38540.49735067554
GA,HARALSON,2012,38605.72934066308
GA,HARRIS,2006,655.4507625000003
GA,HARRIS,2007,711.6140475000011
GA,HARRIS,2008,764.829112500001
GA,HARRIS,2009,846.3689624999996
GA,HARRIS,2010,1156.425300000002
GA,HARRIS,2011,1146.112650000004
GA,HARRIS,2012,1146.9865650000029
GA,HART,2006,8871.457820437627
GA,HART,2007,9080.086503662631
GA,HART,2008,11074.556793500155
GA,HART,2009,12296.336103862619
GA,HART,2010,11633.291400000197
GA,HART,2011,13391.426074087722
GA,HART,2012,12007.82743031273
GA,HEARD,2006,1032.8392125000014
GA,HEARD,2007,1358.4615000000038
GA,HEARD,2008,2239.4678850000046
GA,HEARD,2009,2661.389002500006
GA,HEARD,2010,2616.417514762505
GA,HEARD,2011,3072.9600038625067
GA,HEARD,2012,2555.7382500000053
GA,HENRY,2006,38097.24957895195
GA,HENRY,2007,44744.02472275195
GA,HENRY,2008,47665.331420652044
GA,HENRY,2009,57436.72016010154
GA,HENRY,2010,70250.59940658977
GA,HENRY,2011,81436.83070226634
GA,HENRY,2012,76409.23508089087
GA,HOUSTON,2006,32261.062367089387
GA,HOUSTON,2007,38332.58840517753
GA,HOUSTON,2008,44371.775722090286
GA,HOUSTON,2009,48572.961955464874
GA,HOUSTON,2010,58661.75091858953
GA,HOUSTON,2011,68624.67195795268
GA,HOUSTON,2012,65074.39699908968
GA,IRWIN,2006,761.7755400000008
GA,IRWIN,2007,893.4401475000011
GA,IRWIN,2008,1155.1360650000015
GA,IRWIN,2009,1012.0572375000022
GA,IRWIN,2010,1558.541385000005
GA,IRWIN,2011,1565.819962500005
GA,IRWIN,2012,1710.3516525000057
GA,JACKSON,2006,12812.362985712829
GA,JACKSON,2007,15744.641386062845
GA,JACKSON,2008,21542.64214678769
GA,JACKSON,2009,27167.430782025287
GA,JACKSON,2010,35112.84060179994
GA,JACKSON,2011,40138.74581658724
GA,JACKSON,2012,42902.74804522485
GA,JASPER,2006,1836.0334575000031
GA,JASPER,2007,2346.0899550000036
GA,JASPER,2008,3010.249062000001
GA,JASPER,2009,2751.4648163625075
GA,JASPER,2010,3938.6170050000082
GA,JASPER,2011,3516.224062500011
GA,JASPER,2012,3691.416045000014
GA,JEFF DAVIS,2006,3197.612132999988
GA,JEFF DAVIS,2007,3496.7048363624863
GA,JEFF DAVIS,2008,4085.3265578999994
GA,JEFF DAVIS,2009,4498.470424762523
GA,JEFF DAVIS,2010,7739.687100675076
GA,JEFF DAVIS,2011,13820.130534300111
GA,JEFF DAVIS,2012,12265.51753931264
GA,JEFFERSON,2006,4767.473793000012
GA,JEFFERSON,2007,4064.508116500004
GA,JEFFERSON,2008,4015.112952500004
GA,JEFFERSON,2009,4543.014690000023
GA,JEFFERSON,2010,5818.780878862545
GA,JEFFERSON,2011,8458.950270112586
GA,JEFFERSON,2012,8648.115814087632
GA,JENKINS,2006,2176.268340000002
GA,JENKINS,2007,1964.5942755000024
GA,JENKINS,2008,2288.014927500006
GA,JENKINS,2009,1956.2424375000048
GA,JENKINS,2010,2533.6706925000067
GA,JENKINS,2011,2910.970755000015
GA,JENKINS,2012,3143.3681625000204
GA,JOHNSON,2006,1587.3047175000013
GA,JOHNSON,2007,2149.062204000005
GA,JOHNSON,2008,1779.7752210000035
GA,JOHNSON,2009,1680.0282975000027
GA,JOHNSON,2010,2264.2201500000033
GA,JOHNSON,2011,2311.122817500007
GA,JOHNSON,2012,2295.079657500006
GA,JONES,2006,2561.929399087504
GA,JONES,2007,3099.8036765875036
GA,JONES,2008,4622.041185225013
GA,JONES,2009,6092.83965885004
GA,JONES,2010,8052.204257025066
GA,JONES,2011,8155.025165662561
GA,JONES,2012,7927.674407700079
GA,LAMAR,2006,2418.094406
GA,LAMAR,2007,3403.186341500004
GA,LAMAR,2008,3927.247600000008
GA,LAMAR,2009,4476.585570000018
GA,LAMAR,2010,5158.814979862541
GA,LAMAR,2011,5900.327928862562
GA,LAMAR,2012,5607.657645000049
GA,LANIER,2006,1711.7354050000015
GA,LANIER,2007,1613.5585610000003
GA,LANIER,2008,1655.1745635000048
GA,LANIER,2009,1839.8250075000053
GA,LANIER,2010,2123.3994900000075
GA,LANIER,2011,2455.9480125000096
GA,LANIER,2012,2078.6941575000105
GA,LAURENS,2006,19345.904752500894
GA,LAURENS,2007,22184.48452590088
GA,LAURENS,2008,24830.156796575815
GA,LAURENS,2009,23876.22266838803
GA,LAURENS,2010,28997.264166563215
GA,LAURENS,2011,30367.203890888224
GA,LAURENS,2012,32343.588973837865
GA,LEE,2006,1091.5354500000044
GA,LEE,2007,1354.5731700000022
GA,LEE,2008,1489.5292913625062
GA,LEE,2009,1678.699207500002
GA,LEE,2010,1697.7578625000021
GA,LEE,2011,3322.4614050000105
GA,LEE,2012,4526.186317725013
GA,LIBERTY,2006,4391.264294999998
GA,LIBERTY,2007,5859.982584000075
GA,LIBERTY,2008,6851.420642362622
GA,LIBERTY,2009,7281.087843862604
GA,LIBERTY,2010,9553.121467500176
GA,LIBERTY,2011,11787.538260000143
GA,LIBERTY,2012,12729.412800000164
GA,LINCOLN,2006,1521.4727549999993
GA,LINCOLN,2007,1652.9011559999997
GA,LINCOLN,2008,1878.090900000002
GA,LINCOLN,2009,2053.8586124999983
GA,LINCOLN,2010,2481.028350000005
GA,LINCOLN,2011,2361.338325000006
GA,LINCOLN,2012,2388.305251125009
GA,LONG,2006,486.60228749999925
GA,LONG,2007,600.3608580000003
GA,LONG,2008,857.5448925000022
GA,LONG,2009,990.1371000000033
GA,LONG,2010,1613.7128025000068
GA,LONG,2011,1547.4876075000045
GA,LONG,2012,1995.9483300000047
GA,LOWNDES,2006,19503.797543363413
GA,LOWNDES,2007,23655.470876626023
GA,LOWNDES,2008,30144.94068890132
GA,LOWNDES,2009,32582.370945113307
GA,LOWNDES,2010,36384.20911953863
GA,LOWNDES,2011,43439.7602559008
GA,LOWNDES,2012,46025.0405552265
GA,LUMPKIN,2006,3244.0825699999923
GA,LUMPKIN,2007,4226.5922269999965
GA,LUMPKIN,2008,4347.629990000003
GA,LUMPKIN,2009,4817.369501587518
GA,LUMPKIN,2010,6068.949690000053
GA,LUMPKIN,2011,7648.011352500106
GA,LUMPKIN,2012,8761.737682500107
GA,MACON,2006,3507.058279125001
GA,MACON,2007,3518.601584062505
GA,MACON,2008,4021.102611112509
GA,MACON,2009,4013.6454656625147
GA,MACON,2010,5172.060714750036
GA,MACON,2011,4317.220452712529
GA,MACON,2012,5015.073567937549
GA,MADISON,2006,8037.40326436255
GA,MADISON,2007,10659.215516225064
GA,MADISON,2008,12059.85593650021
GA,MADISON,2009,12280.08101250016
GA,MADISON,2010,14733.683850000221
GA,MADISON,2011,15721.538692500211
GA,MADISON,2012,17595.403302262777
GA,MARION,2006,439.3651424999991
GA,MARION,2007,473.1834749999999
GA,MARION,2008,427.27979999999945
GA,MARION,2009,405.60804749999903
GA,MARION,2010,584.9585999999991
GA,MARION,2011,488.85181499999896
GA,MARION,2012,101.78727749999997
GA,MCDUFFIE,2006,6269.448067500044
GA,MCDUFFIE,2007,7064.847278500054
GA,MCDUFFIE,2008,8669.709504000093
GA,MCDUFFIE,2009,9201.833550000096
GA,MCDUFFIE,2010,10463.412712500098
GA,MCDUFFIE,2011,12099.453382500089
GA,MCDUFFIE,2012,12336.664230225102
GA,MCINTOSH,2006,4216.496617500015
GA,MCINTOSH,2007,4059.9806063625156
GA,MCINTOSH,2008,4607.686162500021
GA,MCINTOSH,2009,7904.74099136253
GA,MCINTOSH,2010,10361.740545000068
GA,MCINTOSH,2011,14997.546885000093
GA,MCINTOSH,2012,15089.76717386254
GA,MERIWETHER,2006,3007.1279200000085
GA,MERIWETHER,2007,4424.03633000001
GA,MERIWETHER,2008,4717.756122500027
GA,MERIWETHER,2009,5005.1562825000265
GA,MERIWETHER,2010,5493.199980000048
GA,MERIWETHER,2011,6123.012892500095
GA,MERIWETHER,2012,6426.285180000085
GA,MILLER,2006,1104.3821625000028
GA,MILLER,2007,1237.5099825000011
GA,MILLER,2008,1216.101637500003
GA,MILLER,2009,1469.1342115875034
GA,MILLER,2010,1833.3461400000037
GA,MILLER,2011,1967.4157875
GA,MILLER,2012,2165.005830000001
GA,MITCHELL,2006,3091.747274999999
GA,MITCHELL,2007,3723.9146877124886
GA,MITCHELL,2008,3440.1754574999986
GA,MITCHELL,2009,3691.2501827250035
GA,MITCHELL,2010,4632.433822500018
GA,MITCHELL,2011,5685.760897500053
GA,MITCHELL,2012,7357.51636500008
GA,MONROE,2006,5680.544412500038
GA,MONROE,2007,7362.303488000093
GA,MONROE,2008,6888.053486000087
GA,MONROE,2009,8126.145048862601
GA,MONROE,2010,11252.497170000095
GA,MONROE,2011,12838.994197500164
GA,MONROE,2012,9489.265080000096
GA,MONTGOMERY,2006,342.36685799999964
GA,MONTGOMERY,2007,341.005461
GA,MONTGOMERY,2008,538.4926124999995
GA,MONTGOMERY,2009,548.1020999999997
GA,MONTGOMERY,2010,748.1221499999986
GA,MONTGOMERY,2011,403.59629999999925
GA,MONTGOMERY,2012,505.23554999999914
GA,MORGAN,2006,3131.258186499991
GA,MORGAN,2007,3380.092924724998
GA,MORGAN,2008,3776.796814500006
GA,MORGAN,2009,4755.486142500035
GA,MORGAN,2010,6231.154657725065
GA,MORGAN,2011,6454.141290000063
GA,MORGAN,2012,8441.299736362607
GA,MURRAY,2006,8772.052013225082
GA,MURRAY,2007,10175.70716222513
GA,MURRAY,2008,12007.073763000222
GA,MURRAY,2009,14640.53352750022
GA,MURRAY,2010,15191.540336587736
GA,MURRAY,2011,16878.405454087813
GA,MURRAY,2012,17748.31341386273
GA,MUSCOGEE,2006,45567.906151354255
GA,MUSCOGEE,2007,54511.314974067594
GA,MUSCOGEE,2008,59565.32224318059
GA,MUSCOGEE,2009,67729.25354445576
GA,MUSCOGEE,2010,81272.51143084475
GA,MUSCOGEE,2011,95051.73452385838
GA,MUSCOGEE,2012,102999.24256928347
GA,NEWTON,2006,15173.728528262665
GA,NEWTON,2007,18236.840234687614
GA,NEWTON,2008,21061.927350375303
GA,NEWTON,2009,26031.82053135038
GA,NEWTON,2010,29471.814176587653
GA,NEWTON,2011,32922.56415408771
GA,NEWTON,2012,31803.023126362692
GA,OCONEE,2006,3201.630478000002
GA,OCONEE,2007,3983.7260045000085
GA,OCONEE,2008,4502.584808362514
GA,OCONEE,2009,4967.062833862524
GA,OCONEE,2010,6134.70953261252
GA,OCONEE,2011,6894.3346202250505
GA,OCONEE,2012,6756.681877950054
GA,OGLETHORPE,2006,1241.7708745000004
GA,OGLETHORPE,2007,2210.8848600000024
GA,OGLETHORPE,2008,2013.7788675000043
GA,OGLETHORPE,2009,2453.4962700000024
GA,OGLETHORPE,2010,3034.2298950000013
GA,OGLETHORPE,2011,3248.6518575000027
GA,OGLETHORPE,2012,3931.3833225000135
GA,PAULDING,2006,20442.622767501114
GA,PAULDING,2007,29054.78205272661
GA,PAULDING,2008,32480.170171726422
GA,PAULDING,2009,38467.39592636358
GA,PAULDING,2010,43254.62444295104
GA,PAULDING,2011,44882.92104761371
GA,PAULDING,2012,42966.59392500095
GA,PEACH,2006,4040.089724087503
GA,PEACH,2007,5125.475937950034
GA,PEACH,2008,5077.6629748625355
GA,PEACH,2009,6276.608370225039
GA,PEACH,2010,8086.613403862581
GA,PEACH,2011,8817.943177500136
GA,PEACH,2012,9620.321415000106
GA,PICKENS,2006,9067.823479500104
GA,PICKENS,2007,11553.322602537659
GA,PICKENS,2008,12612.074250525258
GA,PICKENS,2009,12936.023996775226
GA,PICKENS,2010,15193.427919750247
GA,PICKENS,2011,17933.01639930035
GA,PICKENS,2012,18753.609469087914
GA,PIERCE,2006,4953.368176500015
GA,PIERCE,2007,5856.79424036252
GA,PIERCE,2008,5750.465697000014
GA,PIERCE,2009,5805.769929075038
GA,PIERCE,2010,12793.703877712649
GA,PIERCE,2011,9302.08780136261
GA,PIERCE,2012,8372.561231362572
GA,PIKE,2006,1817.8588875000016
GA,PIKE,2007,1680.244424999999
GA,PIKE,2008,1470.8061900000016
GA,PIKE,2009,1589.632875000004
GA,PIKE,2010,1655.1286875000023
GA,PIKE,2011,1912.5216002249995
GA,PIKE,2012,2168.2489274999975
GA,POLK,2006,20132.68131731303
GA,POLK,2007,24624.24877567592
GA,POLK,2008,26004.63369686352
GA,POLK,2009,26745.46611045089
GA,POLK,2010,27923.512676588503
GA,POLK,2011,32976.24263250097
GA,POLK,2012,30934.11996000082
GA,PULASKI,2006,3747.845596362514
GA,PULASKI,2007,3976.5501643625225
GA,PULASKI,2008,4502.092233862551
GA,PULASKI,2009,5248.152199087561
GA,PULASKI,2010,6312.872306362608
GA,PULASKI,2011,7593.181511362624
GA,PULASKI,2012,8624.575278862621
GA,PUTNAM,2006,2980.116198
GA,PUTNAM,2007,3344.0674253624893
GA,PUTNAM,2008,4025.773358362488
GA,PUTNAM,2009,4576.153230225019
GA,PUTNAM,2010,4901.970795225026
GA,PUTNAM,2011,5290.192365450043
GA,PUTNAM,2012,5613.472001362535
GA,RABUN,2006,7310.533186500059
GA,RABUN,2007,8643.056851350084
GA,RABUN,2008,10524.799009087596
GA,RABUN,2009,11683.348317262653
GA,RABUN,2010,11628.199170225113
GA,RABUN,2011,12000.33388203765
GA,RABUN,2012,12142.440485437677
GA,RANDOLPH,2006,575.9793554999998
GA,RANDOLPH,2007,683.067820950001
GA,RANDOLPH,2008,702.3451868624998
GA,RANDOLPH,2009,900.268485000002
GA,RANDOLPH,2010,958.0746825000045
GA,RANDOLPH,2011,1278.0833250000069
GA,RANDOLPH,2012,1401.78537750001
GA,RICHMOND,2006,44785.93756721473
GA,RICHMOND,2007,52950.70822308987
GA,RICHMOND,2008,61776.855617214795
GA,RICHMOND,2009,67375.71323812692
GA,RICHMOND,2010,81258.43528845263
GA,RICHMOND,2011,94727.33669610301
GA,RICHMOND,2012,99701.89282267846
GA,ROCKDALE,2006,22055.746354000483
GA,ROCKDALE,2007,22674.44353058805
GA,ROCKDALE,2008,24682.722052725898
GA,ROCKDALE,2009,30676.692195000687
GA,ROCKDALE,2010,39152.597059538166
GA,ROCKDALE,2011,45491.458856588564
GA,ROCKDALE,2012,47470.54368270076
GA,SCHLEY,2006,401.58223799999985
GA,SCHLEY,2007,469.8148094999997
GA,SCHLEY,2008,476.4996734999992
GA,SCHLEY,2009,447.2262452249996
GA,SCHLEY,2010,586.9645874999993
GA,SCHLEY,2011,491.649799087499
GA,SCHLEY,2012,345.80291249999937
GA,SCREVEN,2006,1694.0432344999988
GA,SCREVEN,2007,2250.3380519999955
GA,SCREVEN,2008,2730.9872925000004
GA,SCREVEN,2009,2651.1773249999997
GA,SCREVEN,2010,2688.7638150000093
GA,SCREVEN,2011,3104.1248025000145
GA,SCREVEN,2012,2995.489076587511
GA,SEMINOLE,2006,2312.492695500007
GA,SEMINOLE,2007,2490.73424362501
GA,SEMINOLE,2008,2698.7038217625104
GA,SEMINOLE,2009,2883.6841324875154
GA,SEMINOLE,2010,3277.0191121500197
GA,SEMINOLE,2011,3653.139897487526
GA,SEMINOLE,2012,3518.334761587529
GA,SPALDING,2006,19949.46353900044
GA,SPALDING,2007,21720.500104400395
GA,SPALDING,2008,23327.174857438255
GA,SPALDING,2009,24635.156285663103
GA,SPALDING,2010,32950.82668770077
GA,SPALDING,2011,34956.263273588294
GA,SPALDING,2012,34349.64590201333
GA,STEPHENS,2006,17370.255829925343
GA,STEPHENS,2007,21322.500078937817
GA,STEPHENS,2008,24142.19694593798
GA,STEPHENS,2009,26117.963727712755
GA,STEPHENS,2010,29773.09460295045
GA,STEPHENS,2011,36977.64213817541
GA,STEPHENS,2012,30549.977037938028
GA,STEWART,2006,539.8757249999989
GA,STEWART,2007,609.3922988625
GA,STEWART,2008,634.1748899999999
GA,STEWART,2009,850.3953375000017
GA,STEWART,2010,1185.3874125000032
GA,STEWART,2011,1288.1846250000024
GA,STEWART,2012,959.9839127249991
GA,SUMTER,2006,4216.249384499973
GA,SUMTER,2007,4441.587521625012
GA,SUMTER,2008,4738.269365262508
GA,SUMTER,2009,5019.432240000024
GA,SUMTER,2010,5856.107227500045
GA,SUMTER,2011,7420.300815000094
GA,SUMTER,2012,7447.961212500083
GA,TALBOT,2006,191.6218125000001
GA,TALBOT,2011,26.620199999999993
GA,TATTNALL,2006,4909.166124000032
GA,TATTNALL,2007,7540.538364000111
GA,TATTNALL,2008,9866.718307500123
GA,TATTNALL,2009,10431.186705000107
GA,TATTNALL,2010,11548.677498862646
GA,TATTNALL,2011,10688.306887500117
GA,TATTNALL,2012,10844.763172500105
GA,TAYLOR,2006,2412.8105190000015
GA,TAYLOR,2007,2459.267960362503
GA,TAYLOR,2008,2593.67006250001
GA,TAYLOR,2009,2591.6982375000093
GA,TAYLOR,2010,3870.5774550000233
GA,TAYLOR,2011,3504.3740550000202
GA,TAYLOR,2012,3734.1658650000263
GA,TELFAIR,2006,6328.326166162525
GA,TELFAIR,2007,5755.375162500021
GA,TELFAIR,2008,6236.535607725062
GA,TELFAIR,2009,6765.563227500045
GA,TELFAIR,2010,13895.573516362594
GA,TELFAIR,2011,15090.633258862605
GA,TELFAIR,2012,9805.204473862595
GA,TERRELL,2006,678.5992500000004
GA,TERRELL,2007,616.7577899999998
GA,TERRELL,2008,620.4549374999997
GA,TERRELL,2009,1015.4210625000021
GA,TERRELL,2010,1082.7360375000026
GA,TERRELL,2011,1434.2331975000066
GA,TERRELL,2012,1790.7302250000089
GA,THOMAS,2006,6593.51530800006
GA,THOMAS,2007,7479.683753175066
GA,THOMAS,2008,8643.54203688759
GA,THOMAS,2009,8973.985617487604
GA,THOMAS,2010,11593.202683950147
GA,THOMAS,2011,12562.601151450182
GA,THOMAS,2012,14387.645596462691
GA,TIFT,2006,7871.740469175068
GA,TIFT,2007,9289.768154437588
GA,TIFT,2008,10817.795162937564
GA,TIFT,2009,12275.77131011262
GA,TIFT,2010,15808.29310942522
GA,TIFT,2011,17484.167056912724
GA,TIFT,2012,19223.16957045016
GA,TOOMBS,2006,11944.56394822531
GA,TOOMBS,2007,11007.696908362783
GA,TOOMBS,2008,11725.750417500261
GA,TOOMBS,2009,12429.085965000231
GA,TOOMBS,2010,17936.853412500313
GA,TOOMBS,2011,18796.781685000333
GA,TOOMBS,2012,17636.43669386275
GA,TOWNS,2006,2523.9430900000007
GA,TOWNS,2007,3295.367141999999
GA,TOWNS,2008,4271.669277500006
GA,TOWNS,2009,4540.792515000009
GA,TOWNS,2010,4718.705880000018
GA,TOWNS,2011,5080.413090000037
GA,TOWNS,2012,4947.626040000034
GA,TREUTLEN,2006,1490.9629725000018
GA,TREUTLEN,2007,1817.7003500000026
GA,TREUTLEN,2008,2328.9646950000074
GA,TREUTLEN,2009,2169.5347688625006
GA,TREUTLEN,2010,3293.238510675014
GA,TREUTLEN,2011,2885.897842500005
GA,TREUTLEN,2012,2971.5845475000074
GA,TROUP,2006,11997.3438816129
GA,TROUP,2007,13120.751691612963
GA,TROUP,2008,15024.221757362924
GA,TROUP,2009,17585.755951800515
GA,TROUP,2010,19304.618601113132
GA,TROUP,2011,22081.614444750718
GA,TROUP,2012,23619.473650500888
GA,TURNER,2006,1595.1928125000031
GA,TURNER,2007,1333.4478750000044
GA,TURNER,2008,1392.5941875000049
GA,TURNER,2009,1490.6049000000066
GA,TURNER,2010,2168.567430000008
GA,TURNER,2011,2377.929082500008
GA,TURNER,2012,2569.8003600000075
GA,TWIGGS,2006,596.3669249999996
GA,TWIGGS,2007,326.6612624999997
GA,TWIGGS,2008,429.7158149999995
GA,TWIGGS,2009,458.6863874999991
GA,TWIGGS,2010,692.6722125000007
GA,TWIGGS,2011,774.622837500001
GA,TWIGGS,2012,773.7613500000007
GA,UNION,2006,5010.636570500016
GA,UNION,2007,6228.169928537559
GA,UNION,2008,6743.523785587544
GA,UNION,2009,7931.874247500077
GA,UNION,2010,9584.508213862635
GA,UNION,2011,9573.42963750017
GA,UNION,2012,10055.756951587648
GA,UPSON,2006,7054.6980629500695
GA,UPSON,2007,8107.53378048759
GA,UPSON,2008,9128.30029976264
GA,UPSON,2009,9510.00274953764
GA,UPSON,2010,12136.759778400192
GA,UPSON,2011,12706.276269075235
GA,UPSON,2012,13164.23211431272
GA,WALKER,2006,16033.424397500292
GA,WALKER,2007,18488.20723900032
GA,WALKER,2008,20602.776720000365
GA,WALKER,2009,25122.877860000335
GA,WALKER,2010,26162.994195000185
GA,WALKER,2011,30050.449357500194
GA,WALKER,2012,32330.346090225084
GA,WALTON,2006,21429.86916372558
GA,WALTON,2007,24826.740699225695
GA,WALTON,2008,31103.25627736347
GA,WALTON,2009,35107.906684313304
GA,WALTON,2010,40608.1260565883
GA,WALTON,2011,51893.525445450985
GA,WALTON,2012,46574.21780021352
GA,WARE,2006,18239.976692087886
GA,WARE,2007,21528.2284305006
GA,WARE,2008,20349.954084862802
GA,WARE,2009,23720.106101587717
GA,WARE,2010,35402.0799900002
GA,WARE,2011,33081.90502226267
GA,WARE,2012,30516.857963175342
GA,WARREN,2006,232.86193499999987
GA,WARREN,2007,444.46878749999956
GA,WARREN,2008,538.4732624999992
GA,WARREN,2009,581.0717999999995
GA,WARREN,2010,1082.4313875000023
GA,WARREN,2011,1085.7679875000035
GA,WARREN,2012,1051.1075250000026
GA,WASHINGTON,2006,2976.0959729999804
GA,WASHINGTON,2007,3490.6905134999824
GA,WASHINGTON,2008,3973.289396999978
GA,WASHINGTON,2009,4725.239985000017
GA,WASHINGTON,2010,5214.066540000029
GA,WASHINGTON,2011,5594.685532500072
GA,WASHINGTON,2012,6261.391942500077
GA,WAYNE,2006,9923.32989772515
GA,WAYNE,2007,11743.294758000253
GA,WAYNE,2008,13712.62529400025
GA,WAYNE,2009,15697.056405000178
GA,WAYNE,2010,27949.50955500041
GA,WAYNE,2011,31768.250152500274
GA,WAYNE,2012,26200.196696587813
GA,WHEELER,2006,1632.195840000001
GA,WHEELER,2007,1708.1338455000007
GA,WHEELER,2008,2061.7546913625033
GA,WHEELER,2009,2587.3932038625085
GA,WHEELER,2010,3861.127087500022
GA,WHEELER,2011,5541.494475000028
GA,WHEELER,2012,4113.109012500022
GA,WHITE,2006,5848.2401592250435
GA,WHITE,2007,6409.678775312586
GA,WHITE,2008,7328.41815908762
GA,WHITE,2009,9208.566686362652
GA,WHITE,2010,12377.752601362772
GA,WHITE,2011,15105.062343862823
GA,WHITE,2012,17531.333730225255
GA,WHITFIELD,2006,21128.20291458822
GA,WHITFIELD,2007,23780.06343408866
GA,WHITFIELD,2008,28814.277929213444
GA,WHITFIELD,2009,35919.653754563646
GA,WHITFIELD,2010,40573.82137248844
GA,WHITFIELD,2011,47235.512438288475
GA,WHITFIELD,2012,42564.53020953847
GA,WILCOX,2006,1379.992286999999
GA,WILCOX,2007,1585.7818019999972
GA,WILCOX,2008,1658.7812249999997
GA,WILCOX,2009,1586.1567975000034
GA,WILCOX,2010,2472.2533988625123
GA,WILCOX,2011,2788.5342900000046
GA,WILCOX,2012,2854.155630000007
GA,WILKES,2006,2105.0528559999984
GA,WILKES,2007,2437.9560400000028
GA,WILKES,2008,2717.0296110000113
GA,WILKES,2009,3082.250512500011
GA,WILKES,2010,3244.826850000006
GA,WILKES,2011,4042.7457750000085
GA,WILKES,2012,4497.4714875000145
GA,WILKINSON,2006,1582.327462499999
GA,WILKINSON,2007,1842.186262499997
GA,WILKINSON,2008,2501.1470929500056
GA,WILKINSON,2009,2851.1300025000087
GA,WILKINSON,2010,4437.34303953753
GA,WILKINSON,2011,4459.15487703754
GA,WILKINSON,2012,4181.27971522504
GA,WORTH,2006,2490.989624225006
GA,WORTH,2007,2869.3343889999983
GA,WORTH,2008,2834.7958603625034
GA,WORTH,2009,3110.451903862515
GA,WORTH,2010,3684.9598088625185
GA,WORTH,2011,4078.0831725000116
GA,WORTH,2012,4361.639463862516
TN,ANDERSON,2006,60647.86370753986
TN,ANDERSON,2007,68070.9634905777
TN,ANDERSON,2008,78648.9262587906
TN,ANDERSON,2009,95976.37653769235
TN,ANDERSON,2010,97731.83562112924
TN,ANDERSON,2011,107304.93520181619
TN,ANDERSON,2012,117292.58551908926
TN,BEDFORD,2006,9427.19583050013
TN,BEDFORD,2007,10885.095770862643
TN,BEDFORD,2008,12351.181687500199
TN,BEDFORD,2009,14439.523301362731
TN,BEDFORD,2010,16466.66445000029
TN,BEDFORD,2011,20732.553491362734
TN,BEDFORD,2012,23340.245839987456
TN,BENTON,2006,9206.059606500063
TN,BENTON,2007,11285.834002500065
TN,BENTON,2008,11810.595937500166
TN,BENTON,2009,13377.116940000162
TN,BENTON,2010,14736.05456250019
TN,BENTON,2011,14581.684203862696
TN,BENTON,2012,16381.201215000112
TN,BLEDSOE,2006,2865.9411734999967
TN,BLEDSOE,2007,3467.1859845000026
TN,BLEDSOE,2008,3983.318223862499
TN,BLEDSOE,2009,4353.624487500017
TN,BLEDSOE,2010,5299.548885000046
TN,BLEDSOE,2011,4616.032785000025
TN,BLEDSOE,2012,5207.317680000038
TN,BLOUNT,2006,54102.568043952226
TN,BLOUNT,2007,59235.61470767753
TN,BLOUNT,2008,70339.1050747662
TN,BLOUNT,2009,91362.58148250425
TN,BLOUNT,2010,134391.019890005
TN,BLOUNT,2011,126478.2810452292
TN,BLOUNT,2012,109679.51424476586
TN,BRADLEY,2006,36903.55379281388
TN,BRADLEY,2007,44643.712742164265
TN,BRADLEY,2008,54035.48159632661
TN,BRADLEY,2009,62669.55474112638
TN,BRADLEY,2010,68130.25279106428
TN,BRADLEY,2011,85655.23338000347
TN,BRADLEY,2012,102780.20381340457
TN,CAMPBELL,2006,32989.20428090054
TN,CAMPBELL,2007,40532.91844121355
TN,CAMPBELL,2008,46650.60683848844
TN,CAMPBELL,2009,48758.49345000107
TN,CAMPBELL,2010,56775.53847067609
TN,CAMPBELL,2011,87965.30837362618
TN,CAMPBELL,2012,92570.93059136345
TN,CANNON,2006,5599.4184075000185
TN,CANNON,2007,6230.594345000059
TN,CANNON,2008,7131.977533500039
TN,CANNON,2009,8415.735862500049
TN,CANNON,2010,12378.092782500089
TN,CANNON,2011,13837.381942500091
TN,CANNON,2012,12808.639747500083
TN,CARROLL,2006,14997.52626386279
TN,CARROLL,2007,18958.293319087723
TN,CARROLL,2008,23374.37619122525
TN,CARROLL,2009,26678.52172635052
TN,CARROLL,2010,26845.50478635016
TN,CARROLL,2011,24556.771744087822
TN,CARROLL,2012,26564.415862725396
TN,CARTER,2006,22482.437746725333
TN,CARTER,2007,24649.595469362917
TN,CARTER,2008,26770.90104558793
TN,CARTER,2009,28657.741365000238
TN,CARTER,2010,29279.133420000107
TN,CARTER,2011,30987.01121250021
TN,CARTER,2012,32132.381209087493
TN,CHEATHAM,2006,8872.522452500085
TN,CHEATHAM,2007,12092.166094500099
TN,CHEATHAM,2008,13449.21540750015
TN,CHEATHAM,2009,14704.746090000188
TN,CHEATHAM,2010,15855.127545000176
TN,CHEATHAM,2011,21984.87137295003
TN,CHEATHAM,2012,32947.07617522499
TN,CHESTER,2006,2930.0280799999905
TN,CHESTER,2007,3079.637114999991
TN,CHESTER,2008,3524.7763199999927
TN,CHESTER,2009,4395.133845000014
TN,CHESTER,2010,5235.5313000001
TN,CHESTER,2011,5733.803205000138
TN,CHESTER,2012,5996.354662500119
TN,CLAIBORNE,2006,32556.389320450267
TN,CLAIBORNE,2007,41508.91309085018
TN,CLAIBORNE,2008,44260.28881476289
TN,CLAIBORNE,2009,49405.70356226312
TN,CLAIBORNE,2010,50118.40424317574
TN,CLAIBORNE,2011,57734.37663772568
TN,CLAIBORNE,2012,60624.5292863632
TN,CLAY,2006,9544.35776000002
TN,CLAY,2007,9552.129925000027
TN,CLAY,2008,9381.388612500015
TN,CLAY,2009,10429.50354000002
TN,CLAY,2010,10021.099380000005
TN,CLAY,2011,9147.320520000023
TN,CLAY,2012,9858.745597500065
TN,COCKE,2006,33024.422394363064
TN,COCKE,2007,39786.63612536316
TN,COCKE,2008,43870.23535750096
TN,COCKE,2009,47752.37772750066
TN,COCKE,2010,50588.721435000865
TN,COCKE,2011,62499.69310522571
TN,COCKE,2012,50139.28042136277
TN,COFFEE,2006,26149.885751125636
TN,COFFEE,2007,29750.96703888834
TN,COFFEE,2008,30088.348149475765
TN,COFFEE,2009,34518.53694202563
TN,COFFEE,2010,37643.77904726328
TN,COFFEE,2011,46329.666209738265
TN,COFFEE,2012,56570.03883337544
TN,CROCKETT,2006,2211.9159225000053
TN,CROCKETT,2007,2647.3211363625082
TN,CROCKETT,2008,2577.768334087507
TN,CROCKETT,2009,3380.6051063625137
TN,CROCKETT,2010,3494.1638852250135
TN,CROCKETT,2011,3635.757596362519
TN,CROCKETT,2012,3907.4140954500263
TN,CUMBERLAND,2006,24399.070424225836
TN,CUMBERLAND,2007,27842.52344255096
TN,CUMBERLAND,2008,30312.61360781354
TN,CUMBERLAND,2009,34918.856704275815
TN,CUMBERLAND,2010,42548.3217536264
TN,CUMBERLAND,2011,53605.824990000976
TN,CUMBERLAND,2012,57668.82432431367
TN,DAVIDSON,2006,197972.00873971448
TN,DAVIDSON,2007,206135.50539110712
TN,DAVIDSON,2008,249766.04066177318
TN,DAVIDSON,2009,321739.61269820493
TN,DAVIDSON,2010,403280.58426366263
TN,DAVIDSON,2011,412280.35323377454
TN,DAVIDSON,2012,431739.4442806422
TN,DECATUR,2006,6629.722861362562
TN,DECATUR,2007,7619.72974400012
TN,DECATUR,2008,8573.157039862652
TN,DECATUR,2009,10556.632177500152
TN,DECATUR,2010,10324.105005225127
TN,DECATUR,2011,12773.633662950158
TN,DECATUR,2012,15761.544292500239
TN,DEKALB,2006,9399.136220500073
TN,DEKALB,2007,10413.478508525115
TN,DEKALB,2008,11290.66308630012
TN,DEKALB,2009,14341.659615000173
TN,DEKALB,2010,17940.679830000186
TN,DEKALB,2011,19610.4623100001
TN,DEKALB,2012,19355.36357250011
TN,DICKSON,2006,15468.4722107252
TN,DICKSON,2007,16454.976535725178
TN,DICKSON,2008,18975.02572098778
TN,DICKSON,2009,25321.02980816286
TN,DICKSON,2010,31239.81942795036
TN,DICKSON,2011,33838.1620368002
TN,DICKSON,2012,39896.558203162596
TN,DYER,2006,11120.397210000094
TN,DYER,2007,14024.469643725059
TN,DYER,2008,16598.94568500005
TN,DYER,2009,19249.200810000082
TN,DYER,2010,23539.236464999994
TN,DYER,2011,21545.834501587608
TN,DYER,2012,24192.893674537718
TN,FAYETTE,2006,3794.255632724986
TN,FAYETTE,2007,4385.435167362508
TN,FAYETTE,2008,5542.208162587621
TN,FAYETTE,2009,7030.417920000135
TN,FAYETTE,2010,7365.146025000161
TN,FAYETTE,2011,8858.199836362694
TN,FAYETTE,2012,9537.481736362752
TN,FENTRESS,2006,14357.836717725118
TN,FENTRESS,2007,16660.448811862538
TN,FENTRESS,2008,20525.355782812538
TN,FENTRESS,2009,24822.976919999983
TN,FENTRESS,2010,30864.19243499995
TN,FENTRESS,2011,31137.256289999958
TN,FENTRESS,2012,34240.37851500007
TN,FRANKLIN,2006,18646.242408450362
TN,FRANKLIN,2007,19867.75233558784
TN,FRANKLIN,2008,15941.740448037983
TN,FRANKLIN,2009,16964.31460181285
TN,FRANKLIN,2010,18652.174781362857
TN,FRANKLIN,2011,24167.458106362817
TN,FRANKLIN,2012,33674.779702725195
TN,GIBSON,2006,12003.130268500176
TN,GIBSON,2007,13620.57328386268
TN,GIBSON,2008,13842.961197500159
TN,GIBSON,2009,15692.653713862604
TN,GIBSON,2010,17881.15671022534
TN,GIBSON,2011,20925.757155000603
TN,GIBSON,2012,20722.618537950388
TN,GILES,2006,9185.628066000088
TN,GILES,2007,13120.48649800015
TN,GILES,2008,15732.63322750012
TN,GILES,2009,13368.714645000096
TN,GILES,2010,17787.92908500014
TN,GILES,2011,19841.35584408769
TN,GILES,2012,21955.2494129252
TN,GRAINGER,2006,12546.085904500054
TN,GRAINGER,2007,17789.042807500035
TN,GRAINGER,2008,20927.977845225032
TN,GRAINGER,2009,20699.282737500005
TN,GRAINGER,2010,18915.790147500007
TN,GRAINGER,2011,22031.83241636252
TN,GRAINGER,2012,25002.29187750004
TN,GREENE,2006,32871.85634150068
TN,GREENE,2007,34883.059410575406
TN,GREENE,2008,38180.11182390025
TN,GREENE,2009,40903.776739087996
TN,GREENE,2010,51109.87572000053
TN,GREENE,2011,58151.19966772548
TN,GREENE,2012,56702.62052250053
TN,GRUNDY,2006,11292.678941000058
TN,GRUNDY,2007,12349.258558000049
TN,GRUNDY,2008,14015.812614500099
TN,GRUNDY,2009,15523.745422500093
TN,GRUNDY,2010,17328.50811000011
TN,GRUNDY,2011,22011.3483975
TN,GRUNDY,2012,25716.29226750014
TN,HAMBLEN,2006,123558.27153495273
TN,HAMBLEN,2007,158418.3818950037
TN,HAMBLEN,2008,145480.61138900372
TN,HAMBLEN,2009,145428.46545067898
TN,HAMBLEN,2010,157209.11666726644
TN,HAMBLEN,2011,152346.71799045205
TN,HAMBLEN,2012,155970.23548953995
TN,HAMILTON,2006,135987.40566448876
TN,HAMILTON,2007,163934.11349145338
TN,HAMILTON,2008,187272.23466132855
TN,HAMILTON,2009,215001.10198489376
TN,HAMILTON,2010,240193.43536423013
TN,HAMILTON,2011,280548.92697960563
TN,HAMILTON,2012,286760.5474173267
TN,HANCOCK,2006,2724.4807345000054
TN,HANCOCK,2007,3065.8621375000066
TN,HANCOCK,2008,3486.888575000007
TN,HANCOCK,2009,4487.446350000006
TN,HANCOCK,2010,4812.9685313625105
TN,HANCOCK,2011,4982.5439250000145
TN,HANCOCK,2012,4811.917462500019
TN,HARDEMAN,2006,3928.4313074999823
TN,HARDEMAN,2007,4534.607287500014
TN,HARDEMAN,2008,5042.755012500028
TN,HARDEMAN,2009,5540.219797500042
TN,HARDEMAN,2010,6399.116647500039
TN,HARDEMAN,2011,7605.958927500079
TN,HARDEMAN,2012,7338.277365000095
TN,HARDIN,2006,12869.446451862705
TN,HARDIN,2007,11898.44369450024
TN,HARDIN,2008,13119.544624000213
TN,HARDIN,2009,13396.208628862796
TN,HARDIN,2010,13350.106282500408
TN,HARDIN,2011,13983.975150000366
TN,HARDIN,2012,14237.39280750027
TN,HAWKINS,2006,23891.67350172535
TN,HAWKINS,2007,27784.456744812964
TN,HAWKINS,2008,29919.65976486287
TN,HAWKINS,2009,33707.714141587705
TN,HAWKINS,2010,39397.6653379503
TN,HAWKINS,2011,40107.032138175186
TN,HAWKINS,2012,43713.18142908785
TN,HAYWOOD,2006,1138.5791750000076
TN,HAYWOOD,2007,1384.5231450000124
TN,HAYWOOD,2008,1747.817587812512
TN,HAYWOOD,2009,1991.4658129500126
TN,HAYWOOD,2010,2353.6014000000127
TN,HAYWOOD,2011,2646.3628725000135
TN,HAYWOOD,2012,2595.3498825000033
TN,HENDERSON,2006,4946.204295000034
TN,HENDERSON,2007,6196.286968000049
TN,HENDERSON,2008,7431.987297500053
TN,HENDERSON,2009,10388.928307500082
TN,HENDERSON,2010,10878.873810000188
TN,HENDERSON,2011,12101.783201362714
TN,HENDERSON,2012,14452.251187500233
TN,HENRY,2006,16942.232068362715
TN,HENRY,2007,23596.079638825235
TN,HENRY,2008,24744.317209712717
TN,HENRY,2009,26398.17022886257
TN,HENRY,2010,28342.178041275245
TN,HENRY,2011,29894.55780225046
TN,HENRY,2012,33003.790100325255
TN,HICKMAN,2006,3079.6293150000033
TN,HICKMAN,2007,3718.3081650000086
TN,HICKMAN,2008,3838.952235000009
TN,HICKMAN,2009,4325.990790000013
TN,HICKMAN,2010,5437.802737725007
TN,HICKMAN,2011,6043.714162725029
TN,HICKMAN,2012,7091.688292500034
TN,HOUSTON,2006,3018.8556074999988
TN,HOUSTON,2007,3687.603735000002
TN,HOUSTON,2008,3365.7449250000077
TN,HOUSTON,2009,3291.7265850000113
TN,HOUSTON,2010,3627.1062152250133
TN,HOUSTON,2011,3672.8998577250095
TN,HOUSTON,2012,4175.865592500017
TN,HUMPHREYS,2006,5460.984078862531
TN,HUMPHREYS,2007,5609.11484667508
TN,HUMPHREYS,2008,6190.444079437581
TN,HUMPHREYS,2009,7976.795535450111
TN,HUMPHREYS,2010,9201.07419000014
TN,HUMPHREYS,2011,11101.807462500154
TN,HUMPHREYS,2012,12264.117232500126
TN,JACKSON,2006,4278.2835483125
TN,JACKSON,2007,4229.056371900008
TN,JACKSON,2008,4902.619800037507
TN,JACKSON,2009,5436.703680000017
TN,JACKSON,2010,6815.415525000034
TN,JACKSON,2011,5736.714866362535
TN,JACKSON,2012,8866.643862037568
TN,JEFFERSON,2006,31041.242543225646
TN,JEFFERSON,2007,37967.73223200074
TN,JEFFERSON,2008,44990.71387386334
TN,JEFFERSON,2009,53355.35374158821
TN,JEFFERSON,2010,61604.972295450556
TN,JEFFERSON,2011,62017.48590795065
TN,JEFFERSON,2012,56042.10497272546
TN,JOHNSON,2006,7044.130122725005
TN,JOHNSON,2007,9169.714775000028
TN,JOHNSON,2008,9448.125873175044
TN,JOHNSON,2009,10635.67800112502
TN,JOHNSON,2010,9833.922705449995
TN,JOHNSON,2011,8702.953755000031
TN,JOHNSON,2012,8882.227522725067
TN,KNOX,2006,388622.5969606147
TN,KNOX,2007,467656.5234410342
TN,KNOX,2008,511928.5903902113
TN,KNOX,2009,521447.082114757
TN,KNOX,2010,565215.7579458475
TN,KNOX,2011,594110.669444354
TN,KNOX,2012,554232.2630303769
TN,LAKE,2006,1117.8030525000017
TN,LAKE,2007,1291.7696850000018
TN,LAKE,2008,1848.355762500006
TN,LAKE,2009,2242.7139150000053
TN,LAKE,2010,2660.0293275000013
TN,LAKE,2011,2608.44180000001
TN,LAKE,2012,2880.4192200000175
TN,LAUDERDALE,2006,5193.316100000042
TN,LAUDERDALE,2007,5599.567550000072
TN,LAUDERDALE,2008,6068.285677500095
TN,LAUDERDALE,2009,7959.702383400143
TN,LAUDERDALE,2010,9381.353734312645
TN,LAUDERDALE,2011,11026.528597950153
TN,LAUDERDALE,2012,11942.527845000142
TN,LAWRENCE,2006,13579.36321886278
TN,LAWRENCE,2007,16102.174221362904
TN,LAWRENCE,2008,18659.452081225532
TN,LAWRENCE,2009,21589.424085225448
TN,LAWRENCE,2010,26745.71857136302
TN,LAWRENCE,2011,31763.548518862717
TN,LAWRENCE,2012,35950.284574987774
TN,LEWIS,2006,3755.6050250000003
TN,LEWIS,2007,4555.788652500023
TN,LEWIS,2008,4727.692275000022
TN,LEWIS,2009,5658.883387500047
TN,LEWIS,2010,6639.143242500082
TN,LEWIS,2011,7255.92571500008
TN,LEWIS,2012,7948.929045000083
TN,LINCOLN,2006,11938.09262700016
TN,LINCOLN,2007,12224.60970695008
TN,LINCOLN,2008,11373.250967000105
TN,LINCOLN,2009,11966.654400000109
TN,LINCOLN,2010,13588.626517500135
TN,LINCOLN,2011,15521.471606362658
TN,LINCOLN,2012,18372.267896362628
TN,LOUDON,2006,26971.208274500445
TN,LOUDON,2007,28982.97500450066
TN,LOUDON,2008,29128.608006863014
TN,LOUDON,2009,35455.520921363306
TN,LOUDON,2010,39472.406629088466
TN,LOUDON,2011,53820.49139250084
TN,LOUDON,2012,55906.83410658805
TN,MACON,2006,4491.118390000016
TN,MACON,2007,6006.867429725051
TN,MACON,2008,6683.08022350005
TN,MACON,2009,7644.860932500073
TN,MACON,2010,9094.23443250006
TN,MACON,2011,9405.72168750008
TN,MACON,2012,10644.483292725086
TN,MADISON,2006,27546.49908397612
TN,MADISON,2007,27525.131009313864
TN,MADISON,2008,31296.214375976226
TN,MADISON,2009,37156.95136886387
TN,MADISON,2010,41632.03165500213
TN,MADISON,2011,45313.6404114769
TN,MADISON,2012,48012.99842407672
TN,MARION,2006,9041.07304350014
TN,MARION,2007,10252.780930500174
TN,MARION,2008,12117.686956500182
TN,MARION,2009,15048.052710225169
TN,MARION,2010,15447.481582500171
TN,MARION,2011,19925.799532500172
TN,MARION,2012,17915.055360000235
TN,MARSHALL,2006,11903.127987500122
TN,MARSHALL,2007,15155.28656622514
TN,MARSHALL,2008,15317.59420685008
TN,MARSHALL,2009,14948.176642725191
TN,MARSHALL,2010,17429.599219087693
TN,MARSHALL,2011,21020.791732500104
TN,MARSHALL,2012,24998.476320000183
TN,MAURY,2006,23320.143277725474
TN,MAURY,2007,27226.757516863483
TN,MAURY,2008,29093.871478226025
TN,MAURY,2009,34977.52908772605
TN,MAURY,2010,43244.86661250107
TN,MAURY,2011,47710.17462750117
TN,MAURY,2012,54863.60321295068
TN,MCMINN,2006,27199.057358263166
TN,MCMINN,2007,29792.911130013337
TN,MCMINN,2008,32591.72563631345
TN,MCMINN,2009,35998.3752474387
TN,MCMINN,2010,42551.728540838754
TN,MCMINN,2011,45231.802393576225
TN,MCMINN,2012,53718.80640131376
TN,MCNAIRY,2006,12061.949450225144
TN,MCNAIRY,2007,11405.482508500141
TN,MCNAIRY,2008,10976.180331000134
TN,MCNAIRY,2009,12476.531816362685
TN,MCNAIRY,2010,13293.46181250041
TN,MCNAIRY,2011,13577.948655000504
TN,MCNAIRY,2012,15157.688224088031
TN,MEIGS,2006,1811.6314800000036
TN,MEIGS,2007,2614.808460000005
TN,MEIGS,2008,2289.126657500005
TN,MEIGS,2009,2605.735905000011
TN,MEIGS,2010,3128.916834862514
TN,MEIGS,2011,5544.636135000033
TN,MEIGS,2012,8131.61196750004
TN,MONROE,2006,18370.542009363
TN,MONROE,2007,21141.991136538138
TN,MONROE,2008,23620.392941588245
TN,MONROE,2009,27939.1185304507
TN,MONROE,2010,45849.45553800121
TN,MONROE,2011,53110.53879386346
TN,MONROE,2012,47611.17611295055
TN,MONTGOMERY,2006,32792.18334150128
TN,MONTGOMERY,2007,36412.0839409517
TN,MONTGOMERY,2008,42614.503802252584
TN,MONTGOMERY,2009,53223.61167409049
TN,MONTGOMERY,2010,65017.26912795304
TN,MONTGOMERY,2011,83845.67868487965
TN,MONTGOMERY,2012,100212.60662250499
TN,MOORE,2006,285.1205374999999
TN,MOORE,2007,298.0060499999998
TN,MOORE,2008,248.1207374999997
TN,MOORE,2009,244.35772500000002
TN,MOORE,2010,336.11392499999937
TN,MOORE,2011,549.6890249999994
TN,MOORE,2012,956.1108750000009
TN,MORGAN,2006,14158.816189087722
TN,MORGAN,2007,15644.479790437696
TN,MORGAN,2008,17579.540455437662
TN,MORGAN,2009,20392.660670212772
TN,MORGAN,2010,23339.97252000015
TN,MORGAN,2011,27953.955364087567
TN,MORGAN,2012,29782.98301886263
TN,OBION,2006,5693.324378862557
TN,OBION,2007,7277.923853587568
TN,OBION,2008,8601.151131000106
TN,OBION,2009,9717.420277500116
TN,OBION,2010,11901.500426812649
TN,OBION,2011,13256.650707037677
TN,OBION,2012,13525.253108400166
TN,OVERTON,2006,11985.38831750002
TN,OVERTON,2007,9555.039848000031
TN,OVERTON,2008,10515.344722500035
TN,OVERTON,2009,12036.35423250005
TN,OVERTON,2010,17020.311000000045
TN,OVERTON,2011,16349.444925000096
TN,OVERTON,2012,18904.860750000047
TN,PERRY,2006,2648.188030000007
TN,PERRY,2007,1362.0026900000014
TN,PERRY,2008,1714.1678213625082
TN,PERRY,2009,2964.0337352250094
TN,PERRY,2010,3779.4001200000157
TN,PERRY,2011,4342.276837500027
TN,PERRY,2012,4024.289047500019
TN,PICKETT,2006,2564.4058590000004
TN,PICKETT,2007,3408.072270000003
TN,PICKETT,2008,4224.01472272501
TN,PICKETT,2009,5771.005207500027
TN,PICKETT,2010,10098.753757500075
TN,PICKETT,2011,10625.688240000067
TN,PICKETT,2012,11022.386782500056
TN,POLK,2006,16377.879800000119
TN,POLK,2007,18835.153362000146
TN,POLK,2008,19536.620643000035
TN,POLK,2009,21482.37782249995
TN,POLK,2010,21697.344824999895
TN,POLK,2011,13824.053430000125
TN,POLK,2012,13423.679317500155
TN,PUTNAM,2006,27614.268592676297
TN,PUTNAM,2007,33396.52342507654
TN,PUTNAM,2008,37298.533176601624
TN,PUTNAM,2009,40513.90370407631
TN,PUTNAM,2010,49643.112581813955
TN,PUTNAM,2011,65625.52023225185
TN,PUTNAM,2012,76242.63474225206
TN,RHEA,2006,13293.606883000271
TN,RHEA,2007,16990.081532500306
TN,RHEA,2008,18814.895181362917
TN,RHEA,2009,21950.046465225438
TN,RHEA,2010,25748.8596868129
TN,RHEA,2011,27446.62794750018
TN,RHEA,2012,31605.946207500278
TN,ROANE,2006,65860.54206086547
TN,ROANE,2007,65235.684665452725
TN,ROANE,2008,69584.82715336572
TN,ROANE,2009,77418.14416136597
TN,ROANE,2010,79883.1656550032
TN,ROANE,2011,88299.62062500254
TN,ROANE,2012,83476.84332750144
TN,ROBERTSON,2006,21783.688750225385
TN,ROBERTSON,2007,28764.361372725503
TN,ROBERTSON,2008,35493.38493122585
TN,ROBERTSON,2009,41319.665006363415
TN,ROBERTSON,2010,45944.01963750085
TN,ROBERTSON,2011,49039.784557500774
TN,ROBERTSON,2012,48915.04700681342
TN,RUTHERFORD,2006,49725.975258040125
TN,RUTHERFORD,2007,62879.900364178044
TN,RUTHERFORD,2008,91738.31921349386
TN,RUTHERFORD,2009,139469.72741749848
TN,RUTHERFORD,2010,192560.09200204746
TN,RUTHERFORD,2011,232398.8070465925
TN,RUTHERFORD,2012,176904.11146928795
TN,SCOTT,2006,11495.218682500094
TN,SCOTT,2007,12546.324282500167
TN,SCOTT,2008,14557.659432000075
TN,SCOTT,2009,17943.455396362606
TN,SCOTT,2010,23825.9503877251
TN,SCOTT,2011,27805.012526362367
TN,SCOTT,2012,30252.88835250008
TN,SEQUATCHIE,2006,7711.13860500007
TN,SEQUATCHIE,2007,9425.472201000113
TN,SEQUATCHIE,2008,10648.443090362638
TN,SEQUATCHIE,2009,13283.665837500175
TN,SEQUATCHIE,2010,15096.817050000192
TN,SEQUATCHIE,2011,16796.70876750028
TN,SEQUATCHIE,2012,20099.112727725194
TN,SEVIER,2006,45997.984299501695
TN,SEVIER,2007,48517.435135864536
TN,SEVIER,2008,57079.14409020208
TN,SEVIER,2009,68350.96795136535
TN,SEVIER,2010,102757.67970000367
TN,SEVIER,2011,97880.86406636552
TN,SEVIER,2012,98725.201054765
TN,SHELBY,2006,142928.6064974747
TN,SHELBY,2007,153742.02344202812
TN,SHELBY,2008,179669.98385325816
TN,SHELBY,2009,202468.42624012352
TN,SHELBY,2010,205721.88570877287
TN,SHELBY,2011,201059.0445350999
TN,SHELBY,2012,216416.10729712364
TN,SMITH,2006,13980.070254175176
TN,SMITH,2007,17703.146470887743
TN,SMITH,2008,21828.694454025295
TN,SMITH,2009,25814.154992025153
TN,SMITH,2010,29487.13935360018
TN,SMITH,2011,28307.61885768748
TN,SMITH,2012,29779.38036018748
TN,STEWART,2006,1916.2477124999996
TN,STEWART,2007,2573.3523649999943
TN,STEWART,2008,4327.229827499992
TN,STEWART,2009,4343.988892725005
TN,STEWART,2010,4530.088951125023
TN,STEWART,2011,4320.583837500015
TN,STEWART,2012,4618.345800000016
TN,SULLIVAN,2006,115062.94428017114
TN,SULLIVAN,2007,125065.85643112352
TN,SULLIVAN,2008,134149.77068641034
TN,SULLIVAN,2009,155255.3572127365
TN,SULLIVAN,2010,174141.48939181046
TN,SULLIVAN,2011,172346.87133544817
TN,SULLIVAN,2012,169114.12818293553
TN,SUMNER,2006,37230.33936100175
TN,SUMNER,2007,44515.629854314626
TN,SUMNER,2008,50601.484453502475
TN,SUMNER,2009,59871.70875112754
TN,SUMNER,2010,69910.88393659047
TN,SUMNER,2011,77940.15398704079
TN,SUMNER,2012,81908.45190476665
TN,TIPTON,2006,7570.786110000087
TN,TIPTON,2007,9365.8042163626
TN,TIPTON,2008,11976.830168362527
TN,TIPTON,2009,14885.775862499999
TN,TIPTON,2010,17527.511040225218
TN,TIPTON,2011,20705.184318862826
TN,TIPTON,2012,22284.327154087998
TN,TROUSDALE,2006,2208.539235000005
TN,TROUSDALE,2007,2936.0026340000086
TN,TROUSDALE,2008,3799.4996595000075
TN,TROUSDALE,2009,6355.2750038625545
TN,TROUSDALE,2010,8460.994725000093
TN,TROUSDALE,2011,10816.878705862604
TN,TROUSDALE,2012,10544.65429950008
TN,UNICOI,2006,9317.568775450145
TN,UNICOI,2007,11098.231104175204
TN,UNICOI,2008,10850.827077087662
TN,UNICOI,2009,11717.653204537655
TN,UNICOI,2010,11720.675569087625
TN,UNICOI,2011,11600.71182022513
TN,UNICOI,2012,11354.251856812589
TN,UNION,2006,15831.060502500068
TN,UNION,2007,19906.296545000052
TN,UNION,2008,22652.62518000008
TN,UNION,2009,26572.17153750008
TN,UNION,2010,23763.520882499986
TN,UNION,2011,32923.90367249989
TN,UNION,2012,31168.92712500002
TN,VAN BUREN,2010,335.92481249999963
TN,VAN BUREN,2011,1159.4238750000027
TN,VAN BUREN,2012,1381.5906000000039
TN,WARREN,2006,17779.683992500275
TN,WARREN,2007,22551.156922088114
TN,WARREN,2008,24751.370212863214
TN,WARREN,2009,28310.746515225554
TN,WARREN,2010,29534.798006363082
TN,WARREN,2011,32072.868567037942
TN,WARREN,2012,35208.572137088115
TN,WASHINGTON,2006,53709.70066472712
TN,WASHINGTON,2007,62736.10967707754
TN,WASHINGTON,2008,69910.65184716614
TN,WASHINGTON,2009,76227.96795679089
TN,WASHINGTON,2010,74554.64777658983
TN,WASHINGTON,2011,88197.79483590455
TN,WASHINGTON,2012,96513.80579726782
TN,WAYNE,2006,5464.235422500015
TN,WAYNE,2007,6633.300292500055
TN,WAYNE,2008,8344.823145000051
TN,WAYNE,2009,9570.576922500048
TN,WAYNE,2010,10452.234682500068
TN,WAYNE,2011,11643.627397500059
TN,WAYNE,2012,10760.718210000075
TN,WEAKLEY,2006,6670.705560450082
TN,WEAKLEY,2007,9141.291288300108
TN,WEAKLEY,2008,11758.604146075115
TN,WEAKLEY,2009,13263.753728850115
TN,WEAKLEY,2010,16151.817398175159
TN,WEAKLEY,2011,18474.320163862696
TN,WEAKLEY,2012,19580.07875272522
TN,WHITE,2006,6099.842287500086
TN,WHITE,2007,8061.149875500161
TN,WHITE,2008,9893.165620000133
TN,WHITE,2009,11992.049089087674
TN,WHITE,2010,15644.068572262744
TN,WHITE,2011,17236.131271575352
TN,WHITE,2012,18609.660950437832
TN,WILLIAMSON,2006,32366.992023126226
TN,WILLIAMSON,2007,38650.337741589596
TN,WILLIAMSON,2008,46297.410564177255
TN,WILLIAMSON,2009,53922.35447658963
TN,WILLIAMSON,2010,68619.62229090277
TN,WILLIAMSON,2011,81974.42551500366
TN,WILLIAMSON,2012,88301.2857713646
TN,WILSON,2006,23997.63507126309
TN,WILSON,2007,28657.30094892585
TN,WILSON,2008,32987.18339440083
TN,WILSON,2009,41122.51050180115
TN,WILSON,2010,52700.95036837619
TN,WILSON,2011,67389.56785871349
TN,WILSON,2012,80354.99475802667
